,T (K),P (Pa),V (M^3/s),X_nh3 initial,X_o2 initial,X_h2o initial,X_he initial,(NH3/O2),T (K) final,Rtol,Atol,reactor type,energy on?,He,Ar,Ne,O2(2),H2O(3),N2(4),NO(5),NH3(6),N2O(7),NOX,OX,NX,OHX,NH3X,X(1),NH2_X(8),NH_X(9),H2O_X(10),N2O_X(11),H_X(12),NN_ads(36),He ROP [kmol/m^3 s],Ar ROP [kmol/m^3 s],Ne ROP [kmol/m^3 s],O2(2) ROP [kmol/m^3 s],H2O(3) ROP [kmol/m^3 s],N2(4) ROP [kmol/m^3 s],NO(5) ROP [kmol/m^3 s],NH3(6) ROP [kmol/m^3 s],N2O(7) ROP [kmol/m^3 s],He surface ROP [kmol/m^2 s],Ar surface ROP [kmol/m^2 s],Ne surface ROP [kmol/m^2 s],O2(2) surface ROP [kmol/m^2 s],H2O(3) surface ROP [kmol/m^2 s],N2(4) surface ROP [kmol/m^2 s],NO(5) surface ROP [kmol/m^2 s],NH3(6) surface ROP [kmol/m^2 s],N2O(7) surface ROP [kmol/m^2 s],NOX ROP [kmol/m^2 s],OX ROP [kmol/m^2 s],NX ROP [kmol/m^2 s],OHX ROP [kmol/m^2 s],NH3X ROP [kmol/m^2 s],X(1) ROP [kmol/m^2 s],NH2_X(8) ROP [kmol/m^2 s],NH_X(9) ROP [kmol/m^2 s],H2O_X(10) ROP [kmol/m^2 s],N2O_X(11) ROP [kmol/m^2 s],H_X(12) ROP [kmol/m^2 s],NN_ads(36) ROP [kmol/m^2 s],O2(2) + 2 X(1) <=> 2 OX ROP [kmol/m^2 s],NH3(6) + X(1) <=> NH3X ROP [kmol/m^2 s],NH3X + OX <=> NH2_X(8) + OHX ROP [kmol/m^2 s],NH2_X(8) + OX <=> NH_X(9) + OHX ROP [kmol/m^2 s],NH_X(9) + OX <=> NX + OHX ROP [kmol/m^2 s],NH3X + OHX <=> H2O_X(10) + NH2_X(8) ROP [kmol/m^2 s],NH2_X(8) + OHX <=> H2O_X(10) + NH_X(9) ROP [kmol/m^2 s],NH_X(9) + OHX <=> H2O_X(10) + NX ROP [kmol/m^2 s],2 OHX <=> H2O_X(10) + OX ROP [kmol/m^2 s],H2O(3) + X(1) <=> H2O_X(10) ROP [kmol/m^2 s],N2(4) + 2 X(1) <=> 2 NX ROP [kmol/m^2 s],NX + OX <=> NOX + X(1) ROP [kmol/m^2 s],NOX <=> NO(5) + X(1) ROP [kmol/m^2 s],NOX + NX <=> N2O_X(11) + X(1) ROP [kmol/m^2 s],N2O_X(11) <=> N2O(7) + X(1) ROP [kmol/m^2 s],NH3X + X(1) <=> H_X(12) + NH2_X(8) ROP [kmol/m^2 s],NH2_X(8) + X(1) <=> H_X(12) + NH_X(9) ROP [kmol/m^2 s],NH_X(9) + X(1) <=> H_X(12) + NX ROP [kmol/m^2 s],H_X(12) + OX <=> OHX + X(1) ROP [kmol/m^2 s],H_X(12) + OHX <=> H2O_X(10) + X(1) ROP [kmol/m^2 s],NH3X + NH_X(9) <=> 2 NH2_X(8) ROP [kmol/m^2 s],NH3X + NX <=> NH2_X(8) + NH_X(9) ROP [kmol/m^2 s],NH3(6) + 2 X(1) <=> H_X(12) + NH2_X(8) ROP [kmol/m^2 s],NH2_X(8) + NX <=> 2 NH_X(9) ROP [kmol/m^2 s],H2O(3) + 2 X(1) <=> H_X(12) + OHX ROP [kmol/m^2 s],N2(4) + X(1) <=> NN_ads(36) ROP [kmol/m^2 s],NH3(6) conversion (%),N2(4) Selectivity (%),NO(5) Selectivity (%),N2O(7) Selectivity (%),OX Coverage,NOX Coverage,NX Coverage,X Coverage
9999,1018.1818181818182,101325.0,5.9999999999999995e-05,0.001,0.02,0.05,0.929,0.05,1018.1818181818182,1.0000000000000001e-11,9.999999999999999e-23,IdealGasReactor,off,0.9288782090021916,0.0,0.0,0.0196030186005665,0.05078003928709944,0.00026113576902904136,2.1245773707515273e-06,0.00047547274194295266,2.179967800840672e-11,9.03148449382431e-06,0.9876061090516344,1.414524581797453e-05,8.959439945296159e-07,3.084818232443691e-09,0.012369085901791987,9.752288249309874e-09,4.547244716970157e-07,1.3988426076457188e-07,4.005458884279595e-19,8.060664006821183e-08,4.431978857154076e-08,0.0,0.0,0.0,0.0,0.0,0.0,0.0,0.0,0.0,0.0,0.0,0.0,-9.8383156051293e-08,1.962362758926545e-07,6.514707113997487e-08,5.300307714616123e-10,-1.3082418392843534e-07,5.438493467667618e-15,1.926232298994989e-22,2.993732072951918e-20,-6.050826180825397e-22,1.164684842758868e-22,3.502762139031502e-20,-1.1779051922755114e-20,-1.0050244442519285e-22,6.435141038493818e-23,-5.387659085532226e-20,1.151658035532155e-26,-2.541084301478696e-22,1.2705494208814505e-21,9.8383156051293e-08,1.263978896006366e-07,1.2466023921330235e-07,5.7648114614122846e-08,1.0090946298112717e-08,2.2210053811609218e-12,5.345897390034721e-10,2.6096289758417936e-10,1.0994755011517305e-07,-1.107505974383676e-07,-6.514707113997613e-08,5.300362099552727e-10,5.300307714616123e-10,5.438493467679135e-15,5.438493467667618e-15,1.7369877829734734e-09,7.12977217481141e-08,1.2181447415880812e-07,1.1378452588223591e-07,5.273681171884906e-12,-1.7514421099657842e-13,-1.3832568444090443e-12,4.4262943277987476e-09,1.343582682949049e-09,-8.548567845428692e-08,1.2705494208814505e-21,52.452725805704745,99.59484429213894,0.40514739365903846,8.314202014276159e-06,0.9876077171893406,9.031499199961326e-06,1.4145268850945827e-05,0.0123691060426085
9999,1072.7272727272727,101325.0,5.9999999999999995e-05,0.001,0.02,0.05,0.929,0.05,1072.7272727272727,1.0000000000000001e-11,9.999999999999999e-23,IdealGasReactor,off,0.928828735849246,0.0,0.0,0.019440545187708668,0.051096901855962974,0.00036599849404582717,5.4159322698334696e-06,0.0002624026351249272,4.564174734750832e-11,7.338115739307079e-06,0.9725443675715492,1.1911164685474339e-05,1.1592655024895013e-06,2.654335369795375e-09,0.02743456753953167,4.950340371465399e-09,1.5067057219273027e-07,2.8237796086922196e-07,1.5169269239110553e-18,9.602860956202435e-08,1.1966117371366027e-07,0.0,0.0,0.0,0.0,0.0,0.0,0.0,0.0,0.0,0.0,0.0,0.0,-1.386580231499434e-07,2.759648185726427e-07,9.131265330028152e-08,1.3512163402273496e-09,-1.8397654571499753e-07,1.1387120765207049e-14,-6.888853157508671e-22,3.2293131114070197e-21,3.3986783418272525e-22,3.211060207968301e-22,-2.6526902269399613e-20,1.3377826610697604e-19,4.4874548231001745e-23,1.7055311610397594e-23,-1.0688843869722847e-19,-5.579139866085084e-26,1.358175635849519e-22,-3.8116482626443515e-21,1.386580231499434e-07,1.6930448955950324e-07,1.6152016994735588e-07,4.8267220712815424e-08,7.325030573713078e-09,3.2274012629267918e-12,3.677789472728396e-10,1.477609703131559e-10,1.5982387136541946e-07,-1.6035431824610105e-07,-9.131265330027774e-08,1.3512277273474259e-09,1.3512163402273496e-09,1.1387120765151256e-14,1.1387120765207049e-14,7.781576575944685e-09,1.3448858987709475e-07,1.7735622598380504e-07,2.186762687040712e-07,1.1679561725791224e-11,-7.12344589414678e-14,-4.1313057479038106e-13,1.4672056155494282e-08,8.528849433820702e-10,-1.1561050032654164e-07,-3.8116482626443515e-21,73.75973648750728,99.265537294867,0.7344503262499007,1.2378883102680904e-05,0.9725461333345701,7.338129062476538e-06,1.1911186311525384e-05,0.027434617350055972
9999,1081.818181818182,101325.0,5.9999999999999995e-05,0.001,0.02,0.05,0.929,0.05,1081.818181818182,1.0000000000000001e-11,9.999999999999999e-23,IdealGasReactor,off,0.9288222458656196,0.0,0.0,0.019419048783790017,0.05113846850598641,0.00037957176504762816,6.213345600961051e-06,0.00023445168282599938,5.1129429369165404e-11,7.142899396223764e-06,0.9689318987640289,1.1502150467305956e-05,1.2066887893372075e-06,2.540643925849532e-09,0.031047568189486133,4.327839000713671e-09,1.245693034022938e-07,3.149055721409118e-07,1.869721759575338e-18,9.757764117818696e-08,1.3738683269739982e-07,0.0,0.0,0.0,0.0,0.0,0.0,0.0,0.0,0.0,0.0,0.0,0.0,-1.4398729021055214e-07,2.8642439451523643e-07,9.469969884265985e-08,1.5501731461573759e-09,-1.909495963443872e-07,1.2756327021933486e-14,5.723518656239917e-22,2.3218496573220453e-18,4.10953668074001e-21,-2.4403282098734815e-22,1.8838105974391198e-19,-3.60883681133615e-18,4.6735704609246064e-23,-5.504925725388064e-22,1.0613910272734136e-18,4.621304954965731e-26,1.5029726327246464e-21,3.176373552203626e-20,1.4398729021055214e-07,1.7401023244312296e-07,1.6458487836553574e-07,4.5583882347343736e-08,6.8397660580277815e-09,3.3527706422467622e-12,3.371271589976005e-10,1.3283080739831965e-10,1.6694078791029938e-07,-1.6742709828200704e-07,-9.46996988426916e-08,1.5501859024849702e-09,1.5501731461573759e-09,1.2756327021979701e-14,1.2756327021933486e-14,9.422384662042604e-09,1.442775228847282e-07,1.847276800766164e-07,2.3635665565568963e-07,1.29996357308546e-11,-5.849004675988778e-14,-3.248652392513425e-13,1.6939363901264202e-08,7.510054630824703e-10,-1.1899729623322938e-07,3.176373552203626e-20,76.55483171740006,99.1881634271603,0.8118232119033337,1.3360936358245991e-05,0.968933728107634,7.142912882019153e-06,1.1502172183368177e-05,0.03104762680730065
9999,1100.0,101325.0,5.9999999999999995e-05,0.001,0.02,0.05,0.929,0.05,1100.0,1.0000000000000001e-11,9.999999999999999e-23,IdealGasReactor,off,0.9288109121242952,0.0,0.0,0.019381278585602204,0.05121105816859967,0.00040304527540650065,8.066072242143703e-06,0.00018563970991900388,6.393504382154614e-11,6.826867812202462e-06,0.9605214522065986,1.0687911422109545e-05,1.3074112878414725e-06,2.298034935698334e-09,0.03945896771375786,3.2710503676715577e-09,8.508994525874595e-08,3.889285642606007e-07,2.818945347952931e-18,1.00664307392081e-07,1.7763721946060984e-07,0.0,0.0,0.0,0.0,0.0,0.0,0.0,0.0,0.0,0.0,0.0,0.0,-1.5335160648135367e-07,3.046907608831465e-07,1.0055735294590884e-07,2.012436127734988e-09,-2.0312717392261365e-07,1.5951405858148228e-14,-1.0355863135817147e-21,-8.787966827763365e-21,7.969885201948422e-22,-5.153722957117496e-23,2.299284576834686e-19,-6.5994454502950675e-19,-6.343441322516031e-22,-8.846733633053869e-23,4.2989428818152685e-19,-9.960157789320496e-26,-1.5741634797796249e-22,1.0164395367051604e-20,1.5335160648135367e-07,1.812613454883248e-07,1.6790596297848792e-07,3.999235959258772e-08,5.914805044652336e-09,3.5648331104337784e-12,2.800187384938404e-10,1.0703445528399904e-10,1.7945149675032263e-07,-1.7985800995973852e-07,-1.00557352945919e-07,2.0124520791398105e-09,2.012436127734988e-09,1.5951405858048626e-14,1.5951405858148228e-14,1.3352051684336706e-08,1.6228616530542085e-07,1.9767373070048987e-07,2.703291300181709e-07,1.589518295753485e-11,-3.8425799673844113e-14,-1.9558204052153609e-13,2.186582843428886e-08,5.685918600822917e-10,-1.24832750923408e-07,1.0164395367051604e-20,81.43602900809962,99.00925711135238,0.9907271828160941,1.5705831524289203e-05,0.960523435976044,6.826881911764468e-06,1.0687933495902967e-05,0.03945904920854834
9999,1136.3636363636365,101325.0,5.9999999999999995e-05,0.001,0.02,0.05,0.929,0.05,1136.3636363636365,1.0000000000000001e-11,9.999999999999999e-23,IdealGasReactor,off,0.9287941982012321,0.0,0.0,0.01932450884637757,0.0513181065440272,0.0004365919618814512,1.293792238553638e-05,0.00011365642480243376,9.929379494112545e-11,6.460103341679171e-06,0.9381641048285632,9.14383227640448e-06,1.5453930022713342e-06,1.8013477754937277e-09,0.06181773652425138,1.8215817471558548e-09,4.004216077355536e-08,5.770857702907118e-07,6.245469873843497e-18,1.1060450247162216e-07,2.779632017403749e-07,0.0,0.0,0.0,0.0,0.0,0.0,0.0,0.0,0.0,0.0,0.0,0.0,-1.6742855071542255e-07,3.3162908536637375e-07,1.0892900803482232e-07,3.2279912928639502e-09,-2.2108605690983008e-07,2.477364571779703e-14,1.3740309922043233e-21,-4.249987812848452e-19,-3.967882000840305e-22,-1.1700599011533286e-21,-1.0435015728796579e-20,2.0280615735228116e-18,3.50931374875622e-22,1.5377965502868298e-22,-1.613460026022755e-18,1.3915821912460734e-25,1.1592807037959973e-21,1.9481757786848908e-20,1.6742855071542255e-07,1.882338236919172e-07,1.6423277435391304e-07,2.9376627938045128e-08,4.330328359659802e-09,3.8577651804532795e-12,1.893669238669984e-10,6.999504372814904e-11,1.9639287417857368e-07,-1.9667915787213548e-07,-1.089290080348418e-07,3.2280160665110418e-09,3.2279912928639502e-09,2.477364571793619e-14,2.477364571779703e-14,2.3997270236796306e-08,1.9121254649687337e-07,2.1699317039354448e-07,3.300822288917148e-07,2.3063959172719703e-11,-1.555116674396214e-14,-6.311279542300922e-14,3.285223321791285e-08,3.07499999887885e-10,-1.3494992749423838e-07,1.9481757786848908e-20,88.63435751975662,98.53991658937028,1.4600609997675815,2.2410862144874498e-05,0.9381665015733768,6.4601198454220664e-06,9.143855636318244e-06,0.06181789445114139
9999,1145.4545454545455,101325.0,5.9999999999999995e-05,0.001,0.02,0.05,0.929,0.05,1145.4545454545455,1.0000000000000001e-11,9.999999999999999e-23,IdealGasReactor,off,0.9287910742406982,0.0,0.0,0.019313610381008296,0.05133811472173709,0.00044257433952328643,1.4424019777211196e-05,0.00010020218651036992,1.1074557018306237e-10,6.413966628060342e-06,0.9312585102698984,8.784691099179977e-06,1.6154103734213606e-06,1.6824323945546552e-09,0.0687235838524304,1.5705303750771061e-09,3.328789573531034e-08,6.332674436371247e-07,7.579756942472859e-18,1.1477162613703522e-07,3.072296425868075e-07,0.0,0.0,0.0,0.0,0.0,0.0,0.0,0.0,0.0,0.0,0.0,0.0,-1.7013149308694716e-07,3.3666417618036106e-07,1.1042197325003666e-07,3.598782359849581e-09,-2.2444278412187195e-07,2.7630938570854666e-14,-1.805539481926584e-21,2.9990260288722567e-19,3.9084283943130564e-23,1.4435271041330667e-21,4.945242986412304e-22,-2.781603259223919e-18,-1.5876697882189673e-22,4.540416072823019e-22,2.445581717954337e-18,-1.89130979748548e-25,-6.74055264002684e-22,3.642241673193492e-20,1.7013149308694716e-07,1.8871867273904513e-07,1.6146422518736868e-07,2.7022116280952543e-08,3.995730853317145e-09,3.9094091992197925e-12,1.7177562320906213e-10,6.32313990989367e-11,1.9885406942891927e-07,-1.99118227916812e-07,-1.104219732500731e-07,3.598809990786346e-09,3.598782359849581e-09,2.7630938570665528e-14,2.7630938570854666e-14,2.725059641007842e-08,1.9698682845449226e-07,2.206458273650711e-07,3.4303617329008906e-07,2.524205883111541e-11,-1.2323055052006061e-14,-4.594454666428273e-14,3.572411138282682e-08,2.6205144016266186e-10,-1.3754594826354904e-07,3.642241673193492e-20,89.979781348963,98.39654563375328,1.6034297444361603,2.4621810568755e-05,0.9312610313983356,6.413983992125726e-06,8.784714881335306e-06,0.0687237699027909
9999,1163.6363636363635,101325.0,5.9999999999999995e-05,0.001,0.02,0.05,0.929,0.05,1163.6363636363635,1.0000000000000001e-11,9.999999999999999e-23,IdealGasReactor,off,0.9287858499084032,0.0,0.0,0.019294968742870358,0.05137157527266596,0.0004521632696228635,1.774059357153202e-05,7.770207533269086e-05,1.375334228594329e-10,6.3618149924510425e-06,0.9156873906184396,8.104265519987479e-06,1.7713151418499932e-06,1.4568563742594109e-09,0.08429509179794957,1.1684746450646513e-09,2.31491274728154e-08,7.573336755022323e-07,1.1083462358119236e-17,1.2635976234995625e-07,3.707200604701349e-07,0.0,0.0,0.0,0.0,0.0,0.0,0.0,0.0,0.0,0.0,0.0,0.0,-1.7475548938787524e-07,3.450846544788329e-07,1.1281503885038672e-07,4.426289987398369e-09,-2.3005643631734968e-07,3.4314681190318964e-14,5.261651372072979e-22,-2.625590378251517e-18,-2.243210423667242e-22,3.353525912609221e-21,-1.7982876933041156e-19,5.34594256747711e-18,4.376302428288362e-22,1.2628531187629934e-21,-2.540323082057645e-18,6.976054757050453e-26,-2.3110069221539123e-21,-3.3881317890172006e-21,1.7475548938787524e-07,1.885931654687479e-07,1.5415536413742518e-07,2.2759215385133008e-08,3.3981292012102797e-09,3.992361053515139e-12,1.4192111538102285e-10,5.200839245993312e-11,2.0173539865195037e-07,-2.0196352188794726e-07,-1.1281503885038335e-07,4.426324302080086e-09,4.426289987398369e-09,3.431468119038872e-14,3.4314681190318964e-14,3.4433839152007104e-08,2.0696543144678066e-07,2.2679613691253377e-07,3.665073444044779e-07,3.020136456208418e-11,-7.728315076994558e-15,-2.2453243004037035e-14,4.14632708486018e-08,1.8986064191924504e-10,-1.4312113259088571e-07,-3.3881317890172006e-21,92.22979246673093,98.07596836341007,1.9240018050566539,2.9831533287733197e-05,0.9156901848498757,6.361834405608442e-06,8.104290250254287e-06,0.0842953490254683
9999,1172.7272727272727,101325.0,5.9999999999999995e-05,0.001,0.02,0.05,0.929,0.05,1172.7272727272727,1.0000000000000001e-11,9.999999999999999e-23,IdealGasReactor,off,0.928783684127877,0.0,0.0,0.01928701120638836,0.051385446572403085,0.0004559089055035499,1.957453397954094e-05,6.83745007701528e-05,1.5307847967867989e-10,6.351168522573712e-06,0.9069774928536768,7.783554006676333e-06,1.857931685088069e-06,1.3512201319187447e-09,0.09300512833781728,1.0090387501498389e-09,1.9372613804566934e-08,8.253518481156693e-07,1.3347345881702562e-17,1.3418481902523852e-07,4.0488475190528265e-07,0.0,0.0,0.0,0.0,0.0,0.0,0.0,0.0,0.0,0.0,0.0,0.0,-1.767296789481837e-07,3.4857544896514356e-07,1.1374984275976713e-07,4.883870736867932e-09,-2.323836326430346e-07,3.819327234646652e-14,5.117819562292609e-21,1.790627650495591e-18,-1.0322180068896094e-21,6.383611281013138e-21,8.358994517962782e-20,-1.1626056596657306e-18,6.992261115487311e-23,-1.3646405402944222e-23,-7.183412732278544e-19,5.947380136642251e-25,-3.674904967631679e-21,0.0,1.767296789481837e-07,1.8810005364222293e-07,1.4975508292165932e-07,2.085343386048928e-08,3.133121095491127e-09,4.024572259617449e-12,1.293466772354028e-10,4.7369132034871424e-11,2.0222039006948172e-07,-2.0243415543895818e-07,-1.1374984275976713e-07,4.883908930145397e-09,4.883870736867932e-09,3.819327234706127e-14,3.819327234646652e-14,3.834096688615877e-08,2.1123925376535522e-07,2.2936472001735767e-07,3.770542011562735e-07,3.3024987228243296e-11,-6.125515811932203e-15,-1.4612422525785477e-14,4.4283579000811646e-08,1.6159221435525001e-10,-1.4614129352618533e-07,0.0,93.16254992298471,97.89832568332525,2.1016414457948973,3.287087985680107e-05,0.9069804351761878,6.351189126377292e-06,7.78357925727665e-06,0.09300543005542869
9999,1190.909090909091,101325.0,5.9999999999999995e-05,0.001,0.02,0.05,0.929,0.05,1190.909090909091,1.0000000000000001e-11,9.999999999999999e-23,IdealGasReactor,off,0.9287800963677671,0.0,0.0,0.01927333802882106,0.05140842533729807,0.00046162283490461524,2.359451203199372e-05,5.292273024049856e-05,1.889364088448904e-10,6.3486933706784244e-06,0.8876185612972374,7.18127390623701e-06,2.049739738190662e-06,1.1558277173126938e-09,0.1123642370599922,7.553361745893944e-10,1.3674618468912515e-08,9.735088833113441e-07,1.9170286111734078e-17,1.5502615929074702e-07,4.778149303447608e-07,0.0,0.0,0.0,0.0,0.0,0.0,0.0,0.0,0.0,0.0,0.0,0.0,-1.8012257838604176e-07,3.5435822659980407e-07,1.1517592020821237e-07,5.886883034510017e-09,-2.3623881773046798e-07,4.714005266653763e-14,4.908360457431856e-22,1.7186827895381786e-18,-4.253983095207083e-21,-2.3972211139669588e-21,-6.733502410572138e-20,2.6060556809054648e-18,5.108615764339213e-22,-1.2516770312847487e-22,-3.999939333781008e-18,3.708277343262932e-26,-9.149134562719332e-22,-2.507217523872729e-19,1.8012257838604176e-07,1.8652828511714703e-07,1.3981794291069572e-07,1.7475759682892798e-08,2.664555565700376e-09,4.071390668988906e-12,1.081197998024384e-10,3.964295004763492e-11,2.014886382004321e-07,-2.0167993888950067e-07,-1.1517592020796164e-07,5.886930174563175e-09,5.886883034510017e-09,4.714005266657472e-14,4.714005266653763e-14,4.670627874764949e-08,2.1853763782184878e-07,2.3365191170897775e-07,3.958886066369449e-07,3.946654454951696e-11,-3.866869153453692e-15,-4.06493068518941e-15,4.9710532613320884e-08,1.172965591215589e-10,-1.5267828771030345e-07,-2.507217523872729e-19,94.70772697595014,97.50803980008158,2.4919202911065548,3.9908811870373465e-05,0.8876218203565227,6.348716681105878e-06,7.181300273641237e-06,0.11236464962652257
9999,1227.2727272727275,101325.0,5.9999999999999995e-05,0.001,0.02,0.05,0.929,0.05,1227.2727272727275,1.0000000000000001e-11,9.999999999999999e-23,IdealGasReactor,off,0.9287752007321448,0.0,0.0,0.019252738770526117,0.051439780869632766,0.0004674781111075461,3.296312269480999e-05,3.183811253435993e-05,2.81359755432206e-10,6.351427445392952e-06,0.8408691734853088,6.1271781842603974e-06,2.5089496751351917e-06,8.311194656391894e-10,0.1591136484623075,4.3247551664246375e-10,7.0560854491305815e-09,1.3172977129572938e-06,3.771248883171077e-17,2.24951646406954e-07,6.39928039220348e-07,0.0,0.0,0.0,0.0,0.0,0.0,0.0,0.0,0.0,0.0,0.0,0.0,-1.852368188772109e-07,3.622491520496539e-07,1.1663743939557426e-07,8.224415505776063e-09,-2.414994346974758e-07,7.020025246664651e-14,3.250068584559688e-21,2.191750690579705e-18,2.7169005713245617e-22,-2.9602984665682897e-21,9.405547820395759e-21,1.2345505206231427e-18,1.4753541706707515e-22,-6.703375532635012e-22,-3.452695898314562e-18,4.248741726647952e-25,-4.862271038163265e-23,1.6940658945086007e-20,1.852368188772109e-07,1.8235042806952648e-07,1.1729983682808954e-07,1.2256334532864951e-08,1.936377608840659e-09,4.092577229571627e-12,7.754432766796081e-11,2.871018988654702e-11,1.945645549800589e-07,-1.9473101236329104e-07,-1.1663743939559117e-07,8.22448570603178e-09,8.224415505776063e-09,7.020025246707138e-14,7.020025246664651e-14,6.504649496419389e-08,2.2910266487904786e-07,2.3959724155662924e-07,4.2532115805646207e-07,5.6110284995334156e-11,-1.5919673667199217e-15,5.2919714238888425e-15,5.914900662794932e-08,6.28893659180721e-11,-1.6751813968636287e-07,1.6940658945086007e-20,96.816188746564,96.59437881642025,3.405563046588614,5.813699113175912e-05,0.8408731251237872,6.351457293728315e-06,6.127206978743345e-06,0.1591143962119403
9999,1254.5454545454545,101325.0,5.9999999999999995e-05,0.001,0.02,0.05,0.929,0.05,1254.5454545454545,1.0000000000000001e-11,9.999999999999999e-23,IdealGasReactor,off,0.9287729089848512,0.0,0.0,0.01924130110858346,0.05145445916855917,0.00046842444660043827,4.0938039625191413e-05,2.1967883120461912e-05,3.6866013167951993e-10,6.290284814189142e-06,0.7988377894212353,5.456917836465288e-06,2.913801828466461e-06,6.428984491648857e-10,0.20114484690612455,2.91539043211637e-10,4.44178117265585e-09,1.6129065612018725e-06,5.954111252911228e-17,3.120744541831529e-07,7.723109269081334e-07,0.0,0.0,0.0,0.0,0.0,0.0,0.0,0.0,0.0,0.0,0.0,0.0,-1.8807871001087247e-07,3.6594311741030883e-07,1.1687384182809697e-07,1.0214210642995874e-08,-2.4396207826373635e-07,9.19822315651591e-14,3.95263925177639e-21,1.0113043994624312e-18,-1.1285328494637524e-21,-1.4818294439033934e-20,5.930803617374075e-20,1.371076349852775e-17,-4.688304615585707e-22,1.5575728336692428e-21,-1.4791608791141755e-17,5.457529068936213e-25,1.1175029129832406e-20,1.0164395367051604e-20,1.8807871001087247e-07,1.7942482390171517e-07,9.9966731195512e-08,9.424990285986065e-09,1.5341710255697564e-09,4.041212176315861e-12,6.171550291859972e-11,2.311312087530497e-11,1.860655365329448e-07,-1.8622693007726981e-07,-1.1687384182810712e-07,1.0214302625231393e-08,1.0214210642995874e-08,9.198223156570483e-14,9.19822315651591e-14,7.945404486572056e-08,2.3443507058593174e-07,2.424451026343191e-07,4.410827614213794e-07,7.252369356319209e-11,-8.50918150890295e-16,7.479165101177196e-15,6.453725436202122e-08,4.030103792305935e-11,-1.7971618733303894e-07,1.0164395367051604e-20,97.80321168795382,95.81312199004135,4.1868026029673535,7.540699129948609e-05,0.7988422760949053,6.290320143583454e-06,5.45694848525269e-06,0.20114597663646586
9999,1263.6363636363635,101325.0,5.9999999999999995e-05,0.001,0.02,0.05,0.929,0.05,1263.6363636363635,1.0000000000000001e-11,9.999999999999999e-23,IdealGasReactor,off,0.9287723288740986,0.0,0.0,0.019238024765676175,0.0514581747211491,0.00046828288901441795,4.3718940599699945e-05,1.9469408732378102e-05,4.007297142649219e-10,6.24814242332781e-06,0.7835805188746705,5.254155053547222e-06,3.058222273262542e-06,5.896702301557427e-10,0.21640203096041888,2.569397400556809e-10,3.832264258200932e-09,1.7175324650024911e-06,6.857252091977235e-17,3.4966643625195924e-07,8.177673848488191e-07,0.0,0.0,0.0,0.0,0.0,0.0,0.0,0.0,0.0,0.0,0.0,0.0,-1.8889317311828954e-07,3.668781824285624e-07,1.1683859560003398e-07,1.0908063780786128e-08,-2.445854549500815e-07,9.998378785252505e-14,-2.6252867843874585e-21,4.7390434607694036e-17,6.152866664202056e-22,1.3807815772617984e-20,3.4820413516510747e-19,-4.4426454567014426e-17,-1.8581707732208787e-21,-3.9293340977420827e-22,-3.958810828050318e-18,-9.996445390960662e-27,-1.6738309887740222e-20,6.539094352803199e-19,1.8889317311828954e-07,1.7861454988388102e-07,9.435654456282457e-08,8.644965425922138e-09,1.4217605516293665e-09,4.011263329580983e-12,5.739177467308254e-11,2.158735027354448e-11,1.828206075450897e-07,-1.8298244876951975e-07,-1.1683859560068786e-07,1.0908163764571355e-08,1.0908063780786128e-08,9.998378785251506e-14,9.998378785252505e-14,8.425398698335379e-08,2.358481734362511e-07,2.431770384347464e-07,4.452755194293309e-07,7.885083219499951e-11,-6.966081320366771e-16,7.770633019483142e-15,6.59709050662005e-08,3.492361628066223e-11,-1.8389573365904262e-07,6.539094352803199e-19,98.0530591267622,95.54010120893665,4.459817033308895,8.175775446140603e-05,0.7835851795354414,6.248179586671694e-06,5.2541863047508345e-06,0.21640331809866714
9999,1272.7272727272727,101325.0,5.9999999999999995e-05,0.001,0.02,0.05,0.929,0.05,1272.7272727272727,1.0000000000000001e-11,9.999999999999999e-23,IdealGasReactor,off,0.9287718218901592,0.0,0.0,0.019234967328991825,0.05146142191940272,0.0004679650876381244,4.653746666497264e-05,1.728587313821311e-05,4.340050399550677e-10,6.192974756852128e-06,0.7677460404473013,5.060994500110646e-06,3.2064952772154744e-06,5.407828792178431e-10,0.2322364144332405,2.2705278832363487e-10,3.317653330659023e-09,1.8247325092818336e-06,7.851583500017565e-17,3.9220710678775983e-07,8.636298188601604e-07,0.0,0.0,0.0,0.0,0.0,0.0,0.0,0.0,0.0,0.0,0.0,0.0,-1.8965339698001626e-07,3.676953809825212e-07,1.16759366524775e-07,1.161130449900793e-08,-2.451302541210073e-07,1.0828618388997213e-13,-3.3791990184272917e-21,-6.504418941524976e-18,-4.1047545428236875e-22,4.389444260270298e-20,1.0687782196104142e-19,-1.9246536737396386e-16,-1.5158924830343853e-21,3.68747112604089e-22,1.9878351092840863e-16,-7.643620409484681e-25,5.067070618073738e-20,-1.0164395367051604e-20,1.8965339698001626e-07,1.7790932501680452e-07,8.88881131674217e-08,7.935020303315295e-09,1.3186520464211665e-09,3.975202423604933e-12,5.3454653096821657e-11,2.019790403531986e-11,1.7942584293785316e-07,-1.7958911030339922e-07,-1.1675936652476485e-07,1.161141278518844e-08,1.161130449900793e-08,1.0828618388920777e-13,1.0828618388997213e-13,8.901722929452507e-08,2.3711143200293446e-07,2.4382175868432786e-07,4.4897943860204356e-07,8.563980477378336e-11,-5.729186841329036e-16,7.925246001846127e-15,6.722092910420272e-08,3.0346588636731484e-11,-1.8810627067912204e-07,-1.0164395367051604e-20,98.27141268617868,95.26312200302799,4.736789647058389,8.834991362310853e-05,0.7677508704833446,6.1930137180316255e-06,5.061026339787521e-06,0.23223787547659752
9999,1281.818181818182,101325.0,5.9999999999999995e-05,0.001,0.02,0.05,0.929,0.05,1281.818181818182,1.0000000000000001e-11,9.999999999999999e-23,IdealGasReactor,off,0.928771378724926,0.0,0.0,0.01923210646590416,0.05146426037863056,0.0004674990072496432,4.937776622900295e-05,1.53771887950508e-05,4.682657390990921e-10,6.123944657272505e-06,0.7513702478724921,4.8770079398728795e-06,3.358020112810638e-06,4.959705621666764e-10,0.24861210553785285,2.0118880708581246e-10,2.882003438036124e-09,1.9341801092578146e-06,8.936671556174393e-17,4.4012161583455275e-07,9.097360572148802e-07,0.0,0.0,0.0,0.0,0.0,0.0,0.0,0.0,0.0,0.0,0.0,0.0,-1.9036490527804192e-07,3.684097162624469e-07,1.166431330569668e-07,1.2319977725986676e-08,-2.456064775054008e-07,1.1683443614708043e-13,-3.470592416560138e-21,-2.6322379987006876e-16,-7.306282786702023e-21,-7.134587879634716e-21,-5.30108280493863e-19,2.687416371862793e-16,1.0838715587344245e-21,7.889635050619904e-22,-3.551647870229706e-18,-5.240055894584883e-25,6.047362362010332e-21,-1.4264034831762418e-18,1.9036490527804192e-07,1.7731699260843202e-07,8.358782285820245e-08,7.288816488012839e-09,1.224035983368787e-09,3.93333392998353e-12,4.986106844377159e-11,1.8928922051356488e-11,1.7591002935369085e-07,-1.7607566388938564e-07,-1.166431330555404e-07,1.232009456041935e-08,1.2319977725986676e-08,1.1683443614655642e-13,1.1683443614708043e-13,9.372522891398731e-08,2.3824135579766894e-07,2.443899642551555e-07,4.5221907028299505e-07,9.291120771811e-11,-4.7342301447478e-16,7.976265417558584e-15,6.828948489696879e-08,2.6443678381219703e-11,-1.923340523730613e-07,-1.4264034831762418e-18,98.46228112049492,94.9837595816593,5.016145278800975,9.51395397484155e-05,0.7513752412396397,6.123985355056524e-06,4.877040350912969e-06,0.24861375773465438
9999,1290.909090909091,101325.0,5.9999999999999995e-05,0.001,0.02,0.05,0.929,0.05,1290.909090909091,1.0000000000000001e-11,9.999999999999999e-23,IdealGasReactor,off,0.9287709911953452,0.0,0.0,0.019229423848287762,0.05146674250837918,0.00046691053765920596,5.2223293486646116e-05,1.370811358164565e-05,5.032605472588295e-10,6.04054167758839e-06,0.7344941002264374,4.701776272231964e-06,3.512161607829351e-06,4.5496418694816604e-10,0.2654881468560229,1.7876276269647136e-10,2.5121941152579348e-09,2.0455238141162315e-06,1.0110139122227136e-16,4.938462633171461e-07,9.55921983333872e-07,0.0,0.0,0.0,0.0,0.0,0.0,0.0,0.0,0.0,0.0,0.0,0.0,-1.9103222884380567e-07,3.6903437693800567e-07,1.1649635581860314e-07,1.3029955182714932e-08,-2.4602291795178966e-07,1.255658526702245e-13,1.630559835042762e-20,1.1290525670426195e-17,2.158049594665493e-21,2.2153964755701464e-21,-3.057731191940536e-20,-1.086849150445674e-18,-3.6441183392082206e-23,-8.457279046820786e-22,-1.0271034044055867e-17,2.299737797998228e-24,-9.907762582007027e-21,8.809142651444725e-20,1.9103222884380567e-07,1.768421565517799e-07,7.847675355666983e-08,6.700513468477118e-09,1.1371697646134213e-09,3.886031121022752e-12,4.657370200623965e-11,1.7766804093840775e-11,1.7229890180672687e-07,-1.7246781424101049e-07,-1.1649635581869123e-07,1.3030080748583911e-08,1.3029955182714932e-08,1.2556585267252425e-13,1.255658526702245e-13,9.836150940750655e-08,2.3925272135444395e-07,2.4489109836651987e-07,4.550188419447035e-07,1.0068588679152138e-10,-3.9309226907668e-16,7.949605306918766e-15,6.918076140000977e-08,2.310903380064593e-11,-1.9656656269699524e-07,8.809142651444725e-20,98.62918864183544,94.70366158449423,5.2962363389564,0.00010207654938465001,0.7344992495065747,6.0405840257042835e-06,4.701809234733857e-06,0.2654900081001648
9999,1300.0,101325.0,5.9999999999999995e-05,0.001,0.02,0.05,0.929,0.05,1300.0,1.0000000000000001e-11,9.999999999999999e-23,IdealGasReactor,off,0.9287706521252252,0.0,0.0,0.019226904595505818,0.051468914269431516,0.00046622357537388573,5.5057153987932985e-05,1.224774176335186e-05,5.387123799369126e-10,5.9425894312821526e-06,0.7171632017555195,4.534891275902887e-06,3.668259698209134e-06,4.174959473029481e-10,0.2828189354888917,1.5927817249353462e-10,2.1974102882065343e-09,2.1583913855011847e-06,1.1367549012697163e-16,5.538260541365829e-07,1.0020235592123443e-06,0.0,0.0,0.0,0.0,0.0,0.0,0.0,0.0,0.0,0.0,0.0,0.0,-1.916590428273357e-07,3.6958092956851897e-07,1.1632499799321008e-07,1.3737021603888878e-08,-2.4638728641293034e-07,1.3441129926539975e-13,1.0321353998999696e-20,2.0074998487282135e-17,1.7252208767985862e-21,2.4105387218290625e-20,1.1956928555290454e-20,-7.096124394741308e-17,1.9287202321837017e-22,-1.5052264458510595e-21,5.085486088352218e-17,1.9505185415877485e-24,-1.5599282184254703e-20,0.0,1.916590428273357e-07,1.7648661250694846e-07,7.357102873058205e-08,6.164754560784091e-09,1.0573738597135762e-09,3.833722643167414e-12,4.3560142307025824e-11,1.6699851717595676e-11,1.6861535884222837e-07,-1.6878843746466474e-07,-1.1632499799321008e-07,1.3737156015198469e-08,1.3737021603888878e-08,1.344112992673503e-13,1.3441129926539975e-13,1.0291174251624053e-07,2.4015871742802873e-07,2.4533347452075754e-07,4.574031313105465e-07,1.089849566234676e-10,-3.27985480878621e-16,7.86545621491015e-15,6.990067390598189e-08,2.025395381289161e-11,-2.0079249210385423e-07,0.0,98.77522582366481,94.42451328293546,5.575377611354395,0.00010910571013810093,0.7171684982420155,5.942633319262735e-06,4.534924767568863e-06,0.2828210241998977
9999,409.09090909090907,101325.0,5.9999999999999995e-05,0.001,0.02,0.05,0.929,0.05,409.09090909090907,1.0000000000000001e-11,9.999999999999999e-23,IdealGasReactor,off,0.929,0.0,0.0,0.02,0.05000000000000002,6.611510832370522e-19,3.0062609594486222e-18,0.0009999999999999987,3.2103279400036e-23,0.9999969760259688,2.972286138539082e-06,3.154502381008595e-08,9.950109207045037e-16,3.8525240030153105e-12,8.973561667532391e-11,3.2036044132557035e-11,2.001721133207454e-08,3.2440527115312265e-14,5.743943527619704e-31,1.7418845440529605e-19,6.748467530868098e-29,0.0,0.0,0.0,0.0,0.0,0.0,0.0,0.0,0.0,0.0,0.0,0.0,-6.240114203271822e-22,5.055893730040463e-22,1.6519269687830003e-22,7.498912191866811e-22,-3.378503669423414e-22,8.014570588150292e-27,-7.498992342314677e-22,7.424339774326902e-22,5.080217352123643e-24,2.1200236515044647e-31,-2.3138065432242426e-27,8.806976896966984e-27,1.2594417470111619e-27,2.3777961833972747e-24,-5.095201717148224e-28,-4.0451799792745885e-36,1.1477317195192643e-35,-4.0682299099736026e-32,6.240114203271822e-22,3.38396842097316e-22,3.4844375783429907e-22,1.5720522424158955e-22,9.02650954131318e-26,1.25386779423377e-27,5.017380134399298e-22,3.698631962156235e-24,1.5038348804846545e-25,-5.0558879227810065e-22,-1.6519269683761772e-22,-4.7420263687665e-31,7.498912191866811e-22,8.014570584105112e-27,8.014570588150292e-27,-1.223178795426583e-28,4.688497280452912e-25,7.83284833895654e-26,1.2623589001508846e-32,1.4676236223419485e-37,-3.899888769787234e-24,-6.145844710567351e-24,-5.4647515497456e-25,-3.254605548722142e-22,-5.807259455408375e-28,-4.0682299099736026e-32,1.3010426069826053e-13,30.582953255991022,69.41556296632209,0.0014837776868841638,2.972286198142733e-06,0.9999969960790417,3.1545024442662525e-08,8.973561847480421e-11
9999,418.1818181818182,101325.0,5.9999999999999995e-05,0.001,0.02,0.05,0.929,0.05,418.1818181818182,1.0000000000000001e-11,9.999999999999999e-23,IdealGasReactor,off,0.9290000000000002,0.0,0.0,0.01999999999999999,0.05000000000000005,7.619744057253779e-18,1.2417304167835075e-17,0.0009999999999999848,2.3993485835533994e-22,0.9999875187443846,1.2373483367020187e-05,7.167769038092317e-08,6.520228733987261e-15,6.720307546947776e-12,2.3974322907326816e-10,5.256345665487763e-11,3.5795448743531835e-08,7.570595948825578e-14,3.985028738275118e-30,7.053582389957715e-19,1.7588768054048578e-27,0.0,0.0,0.0,0.0,0.0,0.0,0.0,0.0,0.0,0.0,0.0,0.0,-4.405374936523333e-21,5.7321756526259066e-21,1.902189231291877e-21,3.0974115227401824e-21,-3.823281633410867e-21,5.987366033027675e-26,-3.097471400402089e-21,3.078574360587008e-21,1.3215546635834214e-23,-1.6597182844047778e-29,-2.4088607746373415e-26,5.387422196145804e-26,-8.572778258459032e-26,5.737572100922422e-24,-1.1956745574128151e-28,-3.4829254766391273e-35,3.659818300119564e-34,-5.889992332877496e-31,4.405374936523333e-21,3.827597944675315e-21,3.878063276753986e-21,1.8590057257581984e-21,1.5737859618079388e-24,1.905812143501864e-26,5.6674015359386495e-21,5.827229114710913e-23,6.467272427715743e-24,-5.7321602772023715e-21,-1.902189230702878e-21,-4.001610845462011e-30,3.0974115227401824e-21,5.98736602954475e-26,5.987366033027675e-26,-1.2414389743218634e-27,3.5581746185469485e-24,7.747539237761203e-25,4.149928895833539e-31,5.8918485509598585e-36,-1.6805967729673115e-23,-3.365309242371215e-23,-4.316311264447739e-24,-3.723379954243871e-21,-1.5375423536243873e-26,-5.889992332877496e-31,1.5178830414797062e-12,55.120663844527485,44.877601167254774,0.00173498821774173,1.2373483810669157e-05,0.9999875545987532,7.167769295091358e-08,2.397432376692175e-10
9999,436.3636363636364,101325.0,5.9999999999999995e-05,0.001,0.02,0.05,0.929,0.05,436.3636363636364,1.0000000000000001e-11,9.999999999999999e-23,IdealGasReactor,off,0.9289999999999994,0.0,0.0,0.019999999999998103,0.05000000000000356,1.194900321910305e-15,1.7740433318736798e-16,0.000999999999997609,1.3209322722155634e-20,0.9998213233558031,0.00017809746156355582,4.245018704789933e-07,2.2643510438901825e-13,3.163373271354226e-11,2.5063111650876794e-09,2.1321558389884708e-10,1.5192876142121621e-07,6.146841259276917e-13,1.913405886713707e-28,1.6468352466950494e-17,2.1224874324530214e-24,0.0,0.0,0.0,0.0,0.0,0.0,0.0,0.0,0.0,0.0,0.0,0.0,-4.713228014827418e-19,8.985264503141708e-19,2.9944513204895265e-19,4.4252277644608486e-20,-5.990294760064614e-19,3.3026226709417048e-24,-4.4255580308310136e-20,4.411916538025546e-20,1.0087264829245448e-22,3.214865424474988e-29,7.880222309841353e-26,5.127074101227155e-25,3.4735266793064896e-25,3.4621686809156667e-23,-1.2719962354738723e-26,-9.841705376341467e-32,4.0101532212923813e-33,-5.581439985496192e-27,4.713228014827418e-19,5.995736727511189e-19,6.021052811909949e-19,3.037525251807682e-19,4.741585862048618e-22,5.3062540101674835e-24,8.757405993358265e-19,1.496264923140512e-20,7.805527811978698e-21,-8.985140953531933e-19,-2.994451264675127e-19,-4.1129120048495697e-29,4.4252277644608486e-20,3.3026225725246518e-24,3.3026226709417048e-24,-2.509816527258014e-25,4.2226807662283124e-22,1.3453509104755371e-22,4.8036796019546645e-28,1.0370494085737098e-32,-6.685774842195798e-22,-1.868165030236881e-21,-5.441967446575081e-22,-5.815549202258667e-19,-1.2354960977810198e-23,-5.581439985496192e-27,2.3910994711995315e-10,93.11841069878834,6.880562285103068,0.0010270161085991667,0.0001780974886654435,0.999821475503088,4.245019350773425e-07,2.5063115464842647e-09
9999,445.45454545454544,101325.0,5.9999999999999995e-05,0.001,0.02,0.05,0.929,0.05,445.45454545454544,1.0000000000000001e-11,9.999999999999999e-23,IdealGasReactor,off,0.9289999999999928,0.0,0.0,0.01999999999997713,0.05000000000004444,1.4938154387296375e-14,6.179010051922159e-16,0.0009999999999701146,9.361212129437043e-20,0.9993771445020848,0.0006214512159475192,1.0565115211688079e-06,1.1728101479925383e-12,7.608556936414331e-11,8.760768461110839e-09,4.866324718662084e-10,3.3844387836154033e-07,1.9090525061773768e-12,1.2713637158279355e-27,8.280034425870265e-17,8.03098294046587e-23,0.0,0.0,0.0,0.0,0.0,0.0,0.0,0.0,0.0,0.0,0.0,0.0,-5.6997453961425244e-18,1.1245679126270626e-17,3.748391797295369e-18,1.5413088874850418e-19,-7.49715462837271e-18,2.3420228279691305e-23,-1.5415430289485865e-19,1.538117062497041e-19,2.5965305041138123e-22,-1.2216494913682402e-27,7.76121024538616e-24,-5.273532162438465e-24,1.6291022871883552e-24,7.91821485925909e-23,-4.509269509001197e-26,-2.8612668937565494e-30,1.0916553841531569e-32,-3.090170225685933e-25,5.6997453961425244e-18,7.504279251976296e-18,7.525924829078971e-18,3.9213768804701835e-18,7.794803009184903e-21,8.485662234564463e-23,1.0811837106809513e-17,2.240198909482486e-19,2.0941744768562143e-19,-1.1245359347158814e-17,-3.748391488278347e-18,6.079063957177103e-27,1.5413088874850418e-19,2.3420225418424408e-23,2.3420228279691305e-23,-4.105318177787983e-24,5.4608977047176235e-21,1.987625412822187e-21,1.508356331096993e-26,3.8852097962541838e-31,-5.272714731302491e-21,-1.64613748857856e-20,-7.124623603586567e-21,-7.246802361655542e-18,-3.1977911181270716e-22,-3.090170225685933e-25,2.988538236325944e-09,97.9848580762584,2.014529707124916,0.0006122166166714339,0.0006214514266255673,0.9993774833007237,1.05651187933656e-06,8.760771431097142e-09
9999,481.8181818181818,101325.0,5.9999999999999995e-05,0.001,0.02,0.05,0.929,0.05,481.8181818181818,1.0000000000000001e-11,9.999999999999999e-23,IdealGasReactor,off,0.9289999999186512,0.0,0.0,0.01999999973560376,0.05000000052085773,1.750785920424955e-10,5.3744757486120975e-14,0.000999999649755086,1.195298156528482e-16,0.9442883003760916,0.055670659937797684,3.205692781278358e-05,3.3882304048565213e-10,2.159901884994461e-09,9.593108978212775e-07,1.4638449864237306e-08,8.006173612358318e-06,1.3658419072553109e-10,1.2844157436253179e-24,2.872661843054754e-14,6.081613259060288e-17,0.0,0.0,0.0,0.0,0.0,0.0,0.0,0.0,0.0,0.0,0.0,0.0,-6.571279007382853e-14,1.314122007586157e-13,4.380422511326983e-14,1.3405070404478122e-17,-8.76130693235403e-14,2.9858363615946846e-20,-1.3433573854008151e-17,1.3423680015601534e-17,7.725996837170038e-21,7.382057439344432e-26,4.965269117600158e-18,-4.725868345963918e-18,6.934655336744453e-25,1.936105593075957e-21,-4.5645822008270825e-20,-1.4014395168828715e-25,1.1433064906818287e-25,-1.9352395514245572e-19,6.571279007382853e-14,8.773779252875219e-14,8.783879640479178e-14,6.080451022350324e-14,2.4908964634750176e-16,1.7194411340802651e-18,1.0996492126781464e-13,3.9342579898134996e-15,1.7480245216909873e-14,-1.3138118956163948e-13,-4.3804031589314683e-14,1.3547739419669347e-21,1.3405070404478122e-17,2.985822347199516e-20,2.9858363615946846e-20,-1.620099870942978e-19,1.0350329176371129e-16,5.2397175806056386e-17,4.055134887635065e-21,1.453944048366122e-25,-2.147604235042459e-17,-8.605053395376105e-17,-1.247232052118653e-16,-8.32863067717028e-14,-3.1011196976195364e-17,-1.9352395514245572e-19,3.5024491401754176e-05,99.98463308279715,0.015298764472776668,6.815273008193929e-05,0.055671106611993294,0.9442958768843899,3.2057185021921397e-05,9.593185948635634e-07
9999,500.0,101325.0,5.9999999999999995e-05,0.001,0.02,0.05,0.929,0.05,500.0,1.0000000000000001e-11,9.999999999999999e-23,IdealGasReactor,off,0.9289999957591548,0.0,0.0,0.019999986214104596,0.05000002716066538,9.129636378600311e-09,2.776111657407313e-13,0.0009999817361595444,1.8347927958925968e-15,0.6491421205895722,0.3506874767529685,0.0001321090076355718,3.202494018908413e-09,8.673204181288423e-09,7.01180449188114e-06,6.705572054388964e-08,3.120208607206271e-05,8.274892715154728e-10,1.8074546677527338e-23,3.3328904179671884e-13,1.8474546576466614e-14,0.0,0.0,0.0,0.0,0.0,0.0,0.0,0.0,0.0,0.0,0.0,0.0,-3.4462520986405353e-12,6.892494797294245e-12,2.2976900653393464e-12,6.90840547615525e-17,-4.600400725394034e-12,4.586270191168242e-19,-6.93471326824134e-17,6.935550436400173e-17,2.6687952527225578e-20,1.03708318141971e-24,5.444291582311145e-15,-5.171990897527274e-15,1.5216964798128947e-21,4.98216861559717e-21,-6.015104805183612e-17,-1.9621637835774487e-23,9.161849586194102e-22,-2.1219209783076464e-16,3.4462520986405353e-12,4.608805144408363e-12,4.60789909538671e-12,3.825683903759102e-12,2.0479956790730998e-14,9.763759521055957e-17,5.106716289091827e-12,2.2066091661441529e-13,1.5616290959668232e-12,-6.889164090345e-12,-2.2974778732415162e-12,1.9552947661808213e-19,6.90840547615525e-17,4.586073974789884e-19,4.586270191168242e-19,-1.57372523738703e-17,7.556148274699942e-15,4.1955021636144384e-15,7.862775091629757e-19,2.8671544726948424e-23,-8.816746450745047e-16,-3.738468258420004e-15,-8.404419014329755e-15,-4.345881583480676e-12,-3.330706949245088e-15,-2.1219209783076464e-16,0.0018263840455626235,99.99847672574417,0.0015033142081268594,1.9960047696936792e-05,0.35069844724755345,0.6491624275882273,0.00013211314037839543,7.012023840926396e-06
9999,518.1818181818181,101325.0,5.9999999999999995e-05,0.001,0.02,0.05,0.929,0.05,518.1818181818181,1.0000000000000001e-11,9.999999999999999e-23,IdealGasReactor,off,0.9289999582575791,0.0,0.0,0.019999864303584417,0.05000026734871062,8.986510389873677e-08,1.8152741624410489e-13,0.000999820224839013,1.6508815872900315e-15,0.06457231865876988,0.9351049564539266,0.00024483728338083657,1.205356110002253e-08,1.5695540151517633e-08,2.2117423369144103e-05,1.4053214345114096e-07,5.559970189809534e-05,2.195336743899277e-09,1.5084491501262635e-23,1.6149454026692531e-12,4.59028647016886e-13,0.0,0.0,0.0,0.0,0.0,0.0,0.0,0.0,0.0,0.0,0.0,0.0,-3.368199264801588e-11,6.736436086280685e-11,2.245589694409096e-11,4.472606130281485e-17,-4.4941442464406397e-11,4.068299694317365e-19,-4.042371540943204e-17,4.1189133017911755e-17,-2.9680322821782336e-19,7.412329547629382e-22,3.214951286807062e-14,-3.047582221893618e-14,-2.904762012605877e-19,6.24311983612451e-19,-4.2146609998909246e-16,2.7476862854685343e-22,1.7100438842053643e-20,-1.2530451157587574e-15,3.368199264801588e-11,4.5046552248507386e-11,4.505288323016079e-11,4.413374394630386e-11,2.993935635418309e-13,9.672247658871124e-16,4.29936683670324e-11,2.1878453873190546e-12,2.2122106375494663e-11,-6.730500882161437e-11,-2.24546438989752e-11,4.709450631443101e-18,4.472606130281485e-17,4.0710473806028333e-19,4.068299694317365e-19,-2.7717635361744284e-16,1.0311512186277059e-13,6.164893072339624e-14,2.5032936283146528e-17,9.023619976828563e-22,-7.232176399817086e-15,-3.1938366533932064e-14,-1.0510978410097876e-13,-4.2328466369584334e-11,-5.935204119248667e-14,-1.2530451157587574e-15,0.017977516098693913,99.99989860196817,9.958634932914174e-05,1.8116825078376916e-06,0.9351571103348159,0.06457592006949156,0.00024485093876190005,2.2118656930634728e-05
9999,527.2727272727273,101325.0,5.9999999999999995e-05,0.001,0.02,0.05,0.929,0.05,527.2727272727273,1.0000000000000001e-11,9.999999999999999e-23,IdealGasReactor,off,0.9289999441214828,0.0,0.0,0.01999981834969475,0.050000357887145984,1.2029818107689744e-07,4.49034755393051e-14,0.0009997593434501332,3.1980665938227746e-16,0.0066493597010511395,0.9930544416402146,0.00022099822665270962,1.4972259354010124e-08,1.4012408208971953e-08,2.5679536469858733e-05,1.349252770279857e-07,4.935463459350938e-05,2.348126865961057e-09,2.8348751109910838e-24,2.303290726813874e-12,6.43120567195335e-13,0.0,0.0,0.0,0.0,0.0,0.0,0.0,0.0,0.0,0.0,0.0,0.0,-4.501170910820735e-11,9.002341019279164e-11,3.0007806423375325e-11,1.1194236261084263e-17,-6.001583364238448e-11,7.972369204359996e-20,-1.7232585072206874e-18,1.72922102315221e-18,5.191463072565229e-22,1.8799095521693618e-24,2.290178874514187e-16,-2.168416555974638e-16,2.799747879550576e-22,-1.8649433050198257e-22,-3.256304317891135e-18,2.9988482695703053e-24,1.4112576388801314e-22,-8.926648677491001e-18,4.501170910820735e-11,6.017372635757352e-11,6.022197919519701e-11,6.345284885356624e-11,4.808726190702299e-13,1.2810638691470432e-15,5.28822922623383e-11,2.903628144328668e-12,3.41323516676298e-11,-8.991955639654082e-11,-3.0007797496726646e-11,9.550704444755443e-18,1.1194236261084263e-17,7.972669089186955e-20,7.972369204359996e-20,-4.901283078227086e-16,1.6208396025116066e-13,1.0021061799377773e-13,5.793628552177265e-17,2.0706081905023703e-21,-8.96646763912026e-15,-4.030632343312749e-14,-1.5789271518905406e-13,-5.649058691957777e-11,-1.0385379625080594e-13,-8.926648677491001e-18,0.024065654986686613,99.9999810821202,1.8652203339081918e-05,2.65676457108391e-07,0.9931036210209628,0.00664968899960594,0.00022100917122480708,2.568080820648115e-05
9999,536.3636363636364,101325.0,5.9999999999999995e-05,0.001,0.02,0.05,0.929,0.05,536.3636363636364,1.0000000000000001e-11,9.999999999999999e-23,IdealGasReactor,off,0.9289999331422666,0.0,0.0,0.0199997826583562,0.0500004282061516,1.4393480659281973e-07,6.782733846022824e-14,0.000999712058350843,3.625358700281559e-16,0.00426123766162282,0.9954781386239424,0.00019040127759884266,1.741101930504487e-08,1.194690665492823e-08,2.8209492207538976e-05,1.2344317868920764e-07,4.185775641319307e-05,2.3832528568563554e-09,3.0815058013394372e-24,3.091347564427729e-12,7.660192836401982e-13,0.0,0.0,0.0,0.0,0.0,0.0,0.0,0.0,0.0,0.0,0.0,0.0,-5.385535414081706e-11,1.0771069127498579e-10,3.590355521499158e-11,1.6919056638035068e-17,-7.180712770492833e-11,9.043204163340672e-20,-3.5772524625008953e-22,3.6340252726544743e-22,2.979142674898014e-23,4.278841036711289e-25,1.9016830311806584e-19,-1.7993536590518983e-19,2.9946523113833824e-23,-5.900479042611061e-23,-2.8464720285630743e-21,3.513513755961924e-27,1.2996259838252225e-25,-7.393423719684749e-21,5.385535414081706e-11,7.201825830125602e-11,7.207321710638332e-11,8.110997588932634e-11,6.840871419628953e-13,1.5078908333222484e-15,5.7967193530013143e-11,3.425264181351934e-12,4.615670597285446e-11,-1.0755067158204869e-10,-3.5903555207598155e-11,1.7009130957935738e-17,1.6919056638035068e-17,9.043204514692046e-20,9.043204163340672e-20,-7.676456817970348e-16,2.2704381510821567e-13,1.4499123130953153e-13,1.171073216670059e-16,4.149343378618801e-21,-9.994966315929431e-15,-4.5704274131199443e-14,-2.1113059632768976e-13,-6.750708068603354e-11,-1.600196929371201e-13,-7.393423719684749e-21,0.028794164915694337,99.99997618631839,2.3561806773274943e-05,2.5187483400097446e-07,0.9955199633490391,0.00426141669628652,0.00019040927725326464,2.8210677421167402e-05
9999,545.4545454545455,101325.0,5.9999999999999995e-05,0.001,0.02,0.05,0.929,0.05,545.4545454545455,1.0000000000000001e-11,9.999999999999999e-23,IdealGasReactor,off,0.928999919977196,0.0,0.0,0.019999739861222155,0.050000512524958005,1.7227723686173269e-07,1.188990146466976e-13,0.000999655359267763,4.832045243353873e-16,0.003259154227602044,0.9965084541395705,0.00016543297436411643,2.0072696278152596e-08,1.0277184771358186e-08,3.0992144675106514e-05,1.1361895057918551e-07,3.5820113804659475e-05,2.426108423949783e-09,3.942719665201867e-24,4.127436054646696e-12,9.159644999353196e-13,0.0,0.0,0.0,0.0,0.0,0.0,0.0,0.0,0.0,0.0,0.0,0.0,-6.446010942195754e-11,1.289201890648631e-10,4.297338140513853e-11,2.965854803770198e-17,-8.594679270977148e-11,1.2053207202472732e-19,2.1813511310283702e-27,-7.430325732740694e-25,-3.3087224502121114e-24,6.882061070372025e-25,-1.1908588058319942e-22,1.4626617142501075e-22,-2.9339062351490197e-24,6.795320412777076e-24,-2.8049789806642815e-23,-2.549690505125652e-31,-3.0636622858633686e-28,3.8572142821686584e-25,6.446010942195754e-11,8.622740001313026e-11,8.628994773040267e-11,1.0301288800466548e-10,9.639043266457364e-13,1.7652456786340962e-15,6.331065279395326e-11,4.0179316560097484e-12,6.134678240380427e-11,-1.2867713210760641e-10,-4.2973381405138926e-11,2.9779080111907795e-17,2.965854803770198e-17,1.2053207202447233e-19,1.2053207202472732e-19,-1.1893517895357626e-15,3.1646873260822167e-13,2.0861629485533585e-13,2.314069261113649e-16,8.132435919849896e-21,-1.1170440416890269e-14,-5.195317062552401e-14,-2.8060730335879284e-13,-8.070438726175038e-11,-2.4305695725668187e-13,3.8572142821686584e-25,0.03446407322370108,99.99996521148579,3.450803352000987e-05,2.804806746694542e-07,0.9965442963637463,0.003259271452233671,0.00016543892462548011,3.0993259394597876e-05
9999,554.5454545454545,101325.0,5.9999999999999995e-05,0.001,0.02,0.05,0.929,0.05,554.5454545454545,1.0000000000000001e-11,9.999999999999999e-23,IdealGasReactor,off,0.928999904105832,0.0,0.0,0.01999968826643271,0.05000061417685856,2.0644589957020934e-07,2.0530670772099507e-13,0.0009995870047712668,6.425909939144678e-16,0.002523106358484195,0.9972668058969768,0.0001449593776271372,2.2984505428632455e-08,8.919865687767355e-09,3.406717358045675e-05,1.051546742253053e-07,3.092164993517781e-05,2.477766222951387e-09,5.041729287401486e-24,5.48427058347156e-12,1.1007092059326854e-12,0.0,0.0,0.0,0.0,0.0,0.0,0.0,0.0,0.0,0.0,0.0,0.0,-7.724484746819119e-11,1.54489643558698e-10,5.149652208811145e-11,5.1212358446202835e-17,-1.0299309570530985e-10,1.6028994220333025e-19,2.0290773355306482e-26,6.2615538529078345e-25,-2.9597556292913018e-24,-5.2740651276610395e-25,-3.845681413413367e-21,-1.1852243068630244e-21,6.97933641841617e-25,-2.1342552904663952e-24,5.035937686641038e-21,4.869954605626173e-31,4.2931329238444544e-27,-6.761232155340666e-25,7.724484746819119e-11,1.033639475825915e-10,1.0343541507760191e-10,1.3014099636049734e-10,1.3475232440157725e-12,2.0596407860488666e-15,6.899261019750349e-11,4.6954676091460195e-12,8.043473924052788e-11,-1.5412487669855812e-10,-5.1496522088110773e-11,5.1372648408697426e-17,5.1212358446202835e-17,1.6028994220381722e-19,1.6028994220333025e-19,-1.8241192960921533e-15,4.39140865403435e-13,2.9875012909100896e-13,4.481221461704133e-16,1.5630596219190927e-20,-1.2509982533388227e-14,-5.919303012128521e-14,-3.7085187728167336e-13,-9.659216169678285e-11,-3.647668601399075e-13,-6.761232155340666e-25,0.04129952287331741,99.99994996466707,4.972406945686894e-05,3.112634708174375e-07,0.9972977831562284,0.002523184731612954,0.0001449638803782517,3.406823178039054e-05
9999,563.6363636363636,101325.0,5.9999999999999995e-05,0.001,0.02,0.05,0.929,0.05,563.6363636363636,1.0000000000000001e-11,9.999999999999999e-23,IdealGasReactor,off,0.9289998850812096,0.0,0.0,0.019999626420978647,0.05000073602454816,2.4740303394705737e-07,3.493148133873372e-13,0.000999505069879483,8.51908966709155e-16,0.0019751228850343823,0.997832424764418,0.00012797588907541128,2.6155894859620636e-08,7.803386188870377e-09,3.744568268807406e-05,9.773498757109529e-08,2.6896538969934016e-05,2.5369710338943353e-09,6.4373251470726165e-24,7.247655612281527e-12,1.3268124221605532e-12,0.0,0.0,0.0,0.0,0.0,0.0,0.0,0.0,0.0,0.0,0.0,0.0,-9.256961125399814e-11,1.8513913516129853e-10,6.171300127416118e-11,8.713420033660375e-17,-1.234260901075689e-10,2.125028877361601e-19,-5.759674439808303e-27,3.802042336533633e-25,-4.652890945610781e-25,-4.154219639663311e-25,4.0500459661957796e-23,-3.4872044388288987e-23,-6.85008944770476e-25,9.674148379523563e-25,-5.4394658092605685e-24,-1.2480026039629286e-31,-1.9378523535226543e-28,9.855081516745056e-26,9.256961125399814e-11,1.2391281153213551e-10,1.2399466786253704e-10,1.634358729278051e-10,1.8685701949230733e-12,2.394834000043423e-15,7.496975319737558e-11,5.4652828477140605e-12,1.04160826594911e-10,-1.845982575034776e-10,-6.171300127416129e-11,8.734670321858011e-17,8.713420033660375e-17,2.125028877360353e-19,2.125028877361601e-19,-2.7663529593397194e-15,6.05832431620787e-13,4.253838041360329e-13,8.507709384793388e-16,2.947146477994466e-20,-1.4009634026986657e-14,-6.747517745574499e-14,-4.867214245665949e-13,-1.1559937808329928e-10,-5.408776578209413e-13,9.855081516745056e-26,0.049493012051703665,99.99992905940222,7.059625745309819e-05,3.443403052807201e-07,0.9978593976810544,0.001975176275587347,0.00012797934845686836,3.7446694901400135e-05
9999,581.8181818181819,101325.0,5.9999999999999995e-05,0.001,0.02,0.05,0.929,0.05,581.8181818181819,1.0000000000000001e-11,9.999999999999999e-23,IdealGasReactor,off,0.9289998356144415,0.0,0.0,0.019999465613735758,0.050001052846154616,3.538973813758008e-07,9.684582187234527e-13,0.0009992920273169002,1.4787621107940526e-15,0.0012466862985352019,0.9985856413932838,0.00010166172939839048,3.329962968838976e-08,6.094085441032706e-09,4.514267846705443e-05,8.51570474499639e-08,2.0740661956295623e-05,2.673237682988412e-09,1.0410076185388247e-23,1.2426238863420835e-11,1.932776333679232e-12,0.0,0.0,0.0,0.0,0.0,0.0,0.0,0.0,0.0,0.0,0.0,0.0,-1.324162458074308e-10,2.6483224967079313e-10,8.827729540036582e-11,2.415753174778636e-16,-1.7655483311380937e-10,3.68867153465106e-19,-3.503745205764986e-26,3.5826906871517466e-26,1.1399582816746411e-23,-1.4006261784312076e-26,2.460696977099523e-23,9.068250192860996e-23,1.160637796988467e-23,-2.281430229654221e-23,-1.1610147222534695e-22,-1.1520431444838348e-30,-2.6143214520154442e-27,5.864581296030255e-25,1.324162458074308e-10,1.7737242871774726e-10,1.7748010799162503e-10,2.5266526628465856e-10,3.5041662273867927e-12,3.201088492242478e-15,8.75552482097247e-11,7.307068348786663e-12,1.6882018475315324e-10,-2.636857024992723e-10,-8.827729540036642e-11,2.4194418459629016e-16,2.415753174778636e-16,3.6886715346395395e-19,3.68867153465106e-19,-6.129954278045257e-15,1.1282342988156805e-12,8.449324500801991e-13,2.893920159831166e-15,9.899931616208093e-20,-1.7450249085472508e-14,-8.730015903109857e-14,-8.17595603937884e-13,-1.6481136592851122e-10,-1.1465471715208052e-12,5.864581296030255e-25,0.07079726830998279,99.99986275478982,0.0001368273602128902,4.178499641835168e-07,0.9986064802137674,0.0012467123148035095,0.00010166385090949696,4.5143620519627324e-05
9999,663.6363636363637,101325.0,5.9999999999999995e-05,0.001,0.02,0.05,0.929,0.05,663.6363636363637,1.0000000000000001e-11,9.999999999999999e-23,IdealGasReactor,off,0.9289993267124844,0.0,0.0,0.019997811247439733,0.05000431222901208,1.4494641791860612e-06,4.910264338613968e-11,0.0009971002977687392,1.2939967158714847e-14,0.0002210386504355401,0.9996329349534128,4.357852971971085e-05,7.73626509314421e-08,2.458201069921653e-09,9.444459683085652e-05,4.6299801559356064e-08,7.873669586334067e-06,3.3721876077714435e-09,7.010103308479217e-23,9.844139832620369e-11,8.732564498470444e-12,0.0,0.0,0.0,0.0,0.0,0.0,0.0,0.0,0.0,0.0,0.0,0.0,-5.423540893949242e-10,1.084695927256387e-09,3.615591816868825e-10,1.2248327220478993e-14,-7.231306181559614e-10,3.2277885883958863e-18,4.745372198721471e-25,-1.3642623603764596e-24,-3.2053248736429822e-24,1.2888236135805894e-25,-5.997288147563092e-22,2.2149835314987234e-20,1.7577588016751838e-24,-7.005084838362585e-27,-2.154683967087233e-20,6.890206969039775e-30,-7.997268309446654e-25,-3.3604212384966754e-25,5.423540893949242e-10,7.281322460770281e-10,7.284889434482413e-10,1.2270710684796395e-09,3.9646801175481974e-11,9.296134807240879e-15,1.3464011911499784e-10,2.098170036517514e-11,9.108103012412448e-10,-1.0664414263421782e-09,-3.615591816868822e-10,1.2251555009541931e-14,1.2248327220478993e-14,3.227788588402776e-18,3.2277885883958863e-18,-1.103009888972802e-13,1.1449494447302915e-11,1.2216360213997654e-11,2.994153727221988e-13,9.464406466095738e-18,-3.438411280632533e-14,-2.2130840371727076e-13,-5.001627921066627e-12,-6.500644479981872e-10,-1.82545009142088e-11,-3.3604212384966754e-25,0.2899702231260771,99.99830531545894,0.0016937918147765594,8.927262951814463e-07,0.9996409353493227,0.00022104041948160997,4.357887849322435e-05,9.444535270247678e-05
9999,672.7272727272727,101325.0,5.9999999999999995e-05,0.001,0.02,0.05,0.929,0.05,672.7272727272727,1.0000000000000001e-11,9.999999999999999e-23,IdealGasReactor,off,0.928999234054667,0.0,0.0,0.019997510023552382,0.05000490567790712,1.6489316269248553e-06,7.144161552692614e-11,0.0009967012407891243,1.5868270383006477e-14,0.00018675747583724286,0.999664751326445,4.008529859818758e-05,8.309786607911759e-08,2.2491630589216035e-09,0.0001010973446535156,4.296824418435558e-08,7.176668450631586e-06,3.441240290745125e-09,8.386198210619402e-23,1.1949737011447512e-10,1.0004338629277671e-11,0.0,0.0,0.0,0.0,0.0,0.0,0.0,0.0,0.0,0.0,0.0,0.0,-6.169948564530027e-10,1.2339718883111552e-09,4.1131504849372836e-10,1.7820636752928066e-14,-8.226479255405208e-10,3.958234711041146e-18,5.891701317060743e-25,-3.615885954043448e-25,2.0679515313825687e-25,-6.127527001408368e-25,-1.5762319361819868e-22,2.9576230542745634e-22,-1.0339757656912846e-25,2.389491236350653e-25,-1.3711281928993827e-22,1.7834111285025804e-29,-3.87829905505102e-27,-7.7548182426846335e-25,6.169948564530027e-10,8.284318713238548e-10,8.28837308673711e-10,1.4053752301695704e-09,5.007206381581713e-11,1.0185125598197657e-14,1.36776699362966e-10,2.300957863534229e-11,1.0507766581919587e-09,-1.2105731357734615e-09,-4.1131504849372763e-10,1.7824594988228298e-14,1.7820636752928066e-14,3.9582347110589806e-18,3.958234711041146e-18,-1.4176440706153094e-13,1.4036048968051455e-11,1.5752372061374197e-11,4.639438438774867e-13,1.4457459223051455e-17,-3.555085567889471e-14,-2.383072125565227e-13,-5.783945783333843e-12,-7.335756038155882e-10,-2.339875253769357e-11,-7.7548182426846335e-25,0.32987592108756936,99.99783278451585,0.0021662531685369035,9.623156123416043e-07,0.9996720574841252,0.00018675884077440269,4.0085591565916844e-05,0.00010109808353436553
9999,681.8181818181819,101325.0,5.9999999999999995e-05,0.001,0.02,0.05,0.929,0.05,681.8181818181819,1.0000000000000001e-11,9.999999999999999e-23,IdealGasReactor,off,0.928999133756332,0.0,0.0,0.019997183957303082,0.050005548062301,1.864843469465379e-06,1.0280429770854792e-10,0.0009962692777707068,1.9314447366997612e-14,0.00015834236641250142,0.999690136281195,3.691701425572802e-05,8.8906232777921e-08,2.0611093609738598e-09,0.0001079097272968896,3.979286722197732e-08,6.560188432679263e-06,3.506686678130039e-09,9.964428564822012e-23,1.4413036695159456e-10,1.1381040588207544e-11,0.0,0.0,0.0,0.0,0.0,0.0,0.0,0.0,0.0,0.0,0.0,0.0,-6.977913763269127e-10,1.3955571039836075e-09,4.6517287458379176e-10,2.5643852401994953e-14,-9.303714026556857e-10,4.817861203706149e-18,1.0856522948479236e-24,1.264297906466853e-24,-1.8611563782443123e-24,-1.9955907596015e-24,-2.150694836186839e-23,6.816485235319794e-23,-1.8611563782443123e-24,2.827990614570426e-24,-4.536049930905932e-23,1.0899993113253999e-29,-1.2457552748294223e-26,-4.006656092053728e-25,6.977913763269127e-10,9.369904194117988e-10,9.374507937035185e-10,1.5972226600276144e-09,6.287109887384435e-11,1.1100230737403886e-14,1.3803962070306248e-10,2.5130115968954836e-11,1.2026968646443975e-09,-1.3658777233121294e-09,-4.651728745837914e-10,2.5648670264284316e-14,2.5643852401994953e-14,4.817861203717049e-18,4.817861203706149e-18,-1.798666290703053e-13,1.702603221040814e-11,2.0161669634165802e-11,7.094160229807801e-13,2.1764931715089646e-17,-3.6428363056870914e-14,-2.551795303084268e-13,-6.619016756113019e-12,-8.219533386484328e-10,-2.967938067147813e-11,-4.006656092053728e-25,0.37307222292932635,99.99724266158105,0.0027563027333810564,1.0356855745896225e-06,0.9996968288624221,0.00015834342646012063,3.691726140242638e-05,0.000107910449715356
9999,700.0,101325.0,5.9999999999999995e-05,0.001,0.02,0.05,0.929,0.05,700.0,1.0000000000000001e-11,9.999999999999999e-23,IdealGasReactor,off,0.9289989105235228,0.0,0.0,0.019996458218688732,0.05000697780959722,2.345379039923983e-06,2.0629877074767597e-10,0.000995307862824266,2.801021845811552e-14,0.00011494956559927552,0.9997259726965024,3.141876620032342e-05,1.0065102381559074e-07,1.7390953914151899e-09,0.00012198677465600625,3.392030871638543e-08,5.5320383889109565e-06,3.6277138576309294e-09,1.379691999876087e-22,2.0607034915196087e-10,1.4440604274780537e-11,0.0,0.0,0.0,0.0,0.0,0.0,0.0,0.0,0.0,0.0,0.0,0.0,-8.776234932607685e-10,1.7551955196576916e-09,5.850394362938548e-10,5.145987684404795e-14,-1.1701303464386302e-09,6.986965491877299e-18,-1.3499536314990115e-26,-4.1684167538347276e-24,-8.271806125530277e-25,3.5036801538218474e-24,1.430034427210167e-22,-1.811008553608285e-22,-8.271806125530277e-25,4.139323563650176e-24,3.5994194095585224e-23,-5.90721232542453e-30,3.663016448825877e-26,2.8434333556510326e-25,8.776234932607685e-10,1.1785515477123612e-09,1.1791433792853835e-09,2.017980277041205e-09,9.758793152040392e-11,1.299412124374126e-14,1.380082129515543e-10,2.9662865487323064e-11,1.5411150345072188e-09,-1.708799154441282e-09,-5.850394362938551e-10,5.146686380952632e-14,5.145987684404795e-14,6.986965491871391e-18,6.986965491877299e-18,-2.7934241677805583e-13,2.431457841614791e-11,3.238134418270763e-11,1.5989663179583664e-12,4.7373978068039896e-17,-3.727152897621698e-14,-2.882117486549379e-13,-8.421201273731277e-12,-1.0102099934993947e-09,-4.639636521640974e-11,2.8434333556510326e-25,0.469213717573403,99.99560101565335,0.0043977901266022135,1.19422003080998e-06,0.9997316433713727,0.00011495021761955987,3.141894441476699e-05,0.00012198746659295341
9999,718.1818181818182,101325.0,5.9999999999999995e-05,0.001,0.02,0.05,0.929,0.05,718.1818181818182,1.0000000000000001e-11,9.999999999999999e-23,IdealGasReactor,off,0.9289986563922252,0.0,0.0,0.019995631990763246,0.050008605453573975,2.8923902281320306e-06,3.9833710654361024e-10,0.0009942133748327186,3.9606300499166996e-14,8.453794330041844e-05,0.9997468894505618,2.6871613293012923e-05,1.1249460161353042e-07,1.4789313697512634e-09,0.00013682560160286126,2.872292036107142e-08,4.728645150050261e-06,3.742545067890223e-09,1.867404431640964e-22,2.8915827335588e-10,1.7935030061012104e-11,0.0,0.0,0.0,0.0,0.0,0.0,0.0,0.0,0.0,0.0,0.0,0.0,-1.0823562094290864e-09,2.1646130463695847e-09,7.214879909393498e-10,9.936260879422067e-14,-1.4430753642438327e-09,9.879534890523395e-18,-3.90038808484358e-26,-9.693522803355792e-27,4.1359030627651375e-25,2.8866799677223155e-24,-2.7292412841338985e-21,2.4705558451486127e-21,4.1359030627651375e-25,-1.1087597795062363e-25,2.572616226802049e-22,-6.646769424069227e-30,-4.924575134406963e-26,-8.530300066953096e-25,1.0823562094290864e-09,1.453451224145592e-09,1.454210168262093e-09,2.482697281237191e-09,1.488681236757412e-10,1.4980309088909238e-14,1.3507347851923506e-10,3.466373514635368e-11,1.9246156385620544e-09,-2.09436793095946e-09,-7.214879909393489e-10,9.937248832907218e-14,9.936260879422067e-14,9.87953489051675e-18,9.879534890523395e-18,-4.1649444708862295e-13,3.354857258602564e-11,5.09421073528054e-11,3.4531117568735238e-12,9.842298475199031e-17,-3.6995274339720285e-14,-3.204347014321825e-13,-1.037585990175942e-11,-1.2082809633702296e-09,-7.024511541012475e-11,-8.530300066953096e-25,0.578662516728147,99.99311315470236,0.0068854760642454976,1.3692333935284866e-06,0.9997517636315542,8.453835545797624e-05,2.6871744303279753e-05,0.00013682626868445326
9999,727.2727272727273,101325.0,5.9999999999999995e-05,0.001,0.02,0.05,0.929,0.05,727.2727272727273,1.0000000000000001e-11,9.999999999999999e-23,IdealGasReactor,off,0.9289985161185088,0.0,0.0,0.019995175913873717,0.050009503869755716,3.194304802423798e-06,5.464391605186451e-10,0.0009936092465734948,4.6743113760715515e-14,7.287881477972465e-05,0.999752928813203,2.4911180176361734e-05,1.1848215685581849e-07,1.3696817410824732e-09,0.00014473360581252251,2.6399100006891175e-08,4.3971707957527e-06,3.8034610200378985e-09,2.158580404387779e-22,3.409373410006432e-10,1.9895683776989115e-11,0.0,0.0,0.0,0.0,0.0,0.0,0.0,0.0,0.0,0.0,0.0,0.0,-1.1953685222064882e-09,2.3906007270266105e-09,7.967987444858112e-10,1.36305726587559e-13,-1.593733818017743e-09,1.1659768450830655e-17,1.2722507183196892e-24,-6.805660801522713e-24,1.0339757656912844e-24,7.045583182299595e-24,-4.2959471632163765e-24,-4.420246398330242e-24,0.0,-1.6876637770808656e-24,7.43007753737839e-24,1.0222836144807447e-29,5.736103464701435e-26,-1.2924697071141055e-25,1.1953685222064882e-09,1.6051569425452065e-09,1.6060170486442608e-09,2.7312380044019185e-09,1.8293507892528817e-10,1.6034662289343574e-14,1.3288314131048378e-10,3.740600087440717e-11,2.134598083251207e-09,-2.3049034000340323e-09,-7.96798744485811e-10,1.3631738635728212e-13,1.36305726587559e-13,1.165976845084088e-17,1.1659768450830655e-17,-5.028610297851093e-13,3.903747601098131e-11,6.359465478086304e-11,5.00867830636486e-12,1.3993565257489468e-16,-3.654949990346688e-14,-3.3673023165076234e-13,-1.1423124527463414e-11,-1.3094613532055395e-09,-8.569732699257833e-11,-1.2924697071141055e-25,0.639075342650521,99.99144593378247,0.008552603016047764,1.463201485594732e-06,0.9997574752963294,7.28791462039117e-05,2.4911293462611836e-05,0.00014473426400403932
9999,736.3636363636364,101325.0,5.9999999999999995e-05,0.001,0.02,0.05,0.929,0.05,736.3636363636364,1.0000000000000001e-11,9.999999999999999e-23,IdealGasReactor,off,0.9289983646559744,0.0,0.0,0.019994683439543262,0.05001047394736912,3.5202825044869127e-06,7.440358552644709e-10,0.0009929569305179506,5.4979510161189214e-14,6.30806174544235e-05,0.999756304903446,2.3145152767421288e-05,1.2457810962018642e-07,1.2738147846804273e-09,0.00015320791623298847,2.4274206446103443e-08,4.106987938841493e-06,3.872469951667618e-09,2.4889373749664983e-22,4.014897505290436e-10,2.206954951610121e-11,0.0,0.0,0.0,0.0,0.0,0.0,0.0,0.0,0.0,0.0,0.0,0.0,-1.3173999077285745e-09,2.6346142067648877e-09,8.78111924384362e-10,1.8559497876691595e-13,-1.7564094711752833e-09,1.371428668225444e-17,2.8074316236443714e-26,-9.978673932487844e-24,2.067951531382569e-24,9.012892332432133e-24,-7.846774433119928e-22,1.5734267720465697e-21,2.481541837659083e-24,-5.63720002870935e-25,-7.919393421138726e-22,1.0823726287456263e-29,-9.821130915536606e-26,-2.3264454728053903e-25,1.3173999077285745e-09,1.7689567517138616e-09,1.7699339429811247e-09,2.9926904222673216e-09,2.24241281743708e-10,1.7166636372494526e-14,1.305146646357897e-10,4.0378343159171406e-11,2.359468910047927e-09,-2.530379282194064e-09,-8.781119243843619e-10,1.856086930536263e-13,1.8559497876691595e-13,1.3714286682265264e-17,1.371428668225444e-17,-6.045666116105812e-13,4.5275466606970074e-11,7.932897264793056e-11,7.21746981987686e-12,1.9771401208080324e-16,-3.6004606931411436e-14,-3.537866843090889e-13,-1.2547280538578188e-11,-1.4121070869409472e-09,-1.0423492457082302e-10,-2.3264454728053903e-25,0.7043069482049434,99.9894317122296,0.010566726142887652,1.5616275028477917e-06,0.9997605652932157,6.30808862679493e-05,2.3145251398829345e-05,0.00015320856911753218
9999,745.4545454545455,101325.0,5.9999999999999995e-05,0.001,0.02,0.05,0.929,0.05,745.4545454545455,1.0000000000000001e-11,9.999999999999999e-23,IdealGasReactor,off,0.9289981985192136,0.0,0.0,0.01999414322962761,0.05001153800953577,3.877819151235289e-06,1.0066333857129252e-09,0.0009922414157737909,6.455951410536891e-14,5.485527215477661e-05,0.9997570021341741,2.156758665258831e-05,1.3087698613670581e-07,1.1914022587717327e-09,0.0001625609981121542,2.236222733574745e-08,3.855124314549045e-06,3.956302581592232e-09,2.86822656199093e-22,4.731137236401922e-10,2.455979399833105e-11,0.0,0.0,0.0,0.0,0.0,0.0,0.0,0.0,0.0,0.0,0.0,0.0,-1.4512598910567347e-09,2.902268667714758e-09,9.672973239860527e-10,2.510982957821009e-13,-1.9348457784759574e-09,1.6103960188917575e-17,3.6817643537805e-24,8.758097852831958e-24,8.271806125530277e-25,-6.122133386836048e-24,1.4573055380302743e-22,8.83015303900357e-22,-2.6883369907973396e-24,5.913970299584331e-24,-1.0357118481237023e-21,2.2350031818624992e-29,-1.848506697806254e-25,-1.5251142543946448e-24,1.4512598910567347e-09,1.948642722834185e-09,1.949758477124082e-09,3.2712951506797764e-09,2.744215208522289e-10,1.8426764353081417e-14,1.282710510976169e-10,4.366683084094697e-11,2.6035605458649256e-09,-2.7755171329708508e-09,-9.672973239860512e-10,2.5111439974597153e-13,2.510982957821009e-13,1.6103960188939925e-17,1.6103960188917575e-17,-7.262602991054741e-13,5.2507334624899856e-11,9.91217481008658e-11,1.0354064922553525e-11,2.7840197300814794e-16,-3.547100215079029e-14,-3.724497531393249e-13,-1.3796944358227333e-11,-1.5172632289286285e-09,-1.267515347439065e-10,-1.5251142543946448e-24,0.7758584226209148,99.98702064492706,0.012977690448274687,1.6646246815189184e-06,0.9997610151837932,5.4855492345211444e-05,2.1567673225420725e-05,0.00016256165063606768
9999,763.6363636363636,101325.0,5.9999999999999995e-05,0.001,0.02,0.05,0.929,0.05,763.6363636363636,1.0000000000000001e-11,9.999999999999999e-23,IdealGasReactor,off,0.9289977975640848,0.0,0.0,0.019992839396471125,0.05001410602146996,4.740611176449069e-06,1.8171105242295045e-09,0.0009905145895979764,8.936777715023369e-14,4.222251810514584e-05,0.9997492681319531,1.896760321765532e-05,1.446971315418806e-07,1.0686971577004354e-09,0.00018591349679973517,1.9233887547525398e-08,3.4583463704180945e-06,4.2078024697626446e-09,3.8415800437011563e-22,6.647927658760083e-10,3.1242752633127723e-11,0.0,0.0,0.0,0.0,0.0,0.0,0.0,0.0,0.0,0.0,0.0,0.0,-1.7743403545753244e-09,3.5482274199984266e-09,1.182515817611478e-09,4.532668589110824e-13,-2.36548494666968e-09,2.229223324430692e-17,-1.9960495253587166e-24,6.462348535570528e-26,2.6883369907973396e-24,4.397544756415018e-24,3.343862076219451e-21,-4.4247958916992825e-21,2.067951531382569e-24,-3.0269097804309564e-24,1.0763139255441155e-21,-3.153902876928537e-29,3.2949635327336984e-25,2.2747466845208257e-24,1.7743403545753244e-09,2.382520139405723e-09,2.3840180144628378e-09,3.913246340739234e-09,4.105744333218575e-10,2.1671021782473902e-14,1.2564808383150662e-10,5.174279049961199e-11,3.1808601046768988e-09,-3.35827320444917e-09,-1.1825158176114806e-09,4.532891511423306e-13,4.532668589110824e-13,2.2292233244275383e-17,2.229223324430692e-17,-1.0645069772151882e-12,7.182068766938995e-11,1.5748251816604746e-10,2.124873615247705e-11,5.544204456625403e-16,-3.499332134178306e-14,-4.200457836843143e-13,-1.7035192736042428e-11,-1.7452651588951376e-09,-1.8995421554925675e-10,2.2747466845208257e-24,0.9485410402023612,99.98083642662719,0.01916168858101884,1.8847918077621467e-06,0.9997528954853205,4.222267129954979e-05,1.8967672037109955e-05,0.00018591417134281328
9999,809.0909090909091,101325.0,5.9999999999999995e-05,0.001,0.02,0.05,0.929,0.05,809.0909090909091,1.0000000000000001e-11,9.999999999999999e-23,IdealGasReactor,off,0.9289958011817784,0.0,0.0,0.019986346560832504,0.050026892324062634,9.035546727219013e-06,7.779404907183607e-09,0.0009819166069661989,2.281205969515254e-13,2.5388297900686996e-05,0.9996421315286916,1.549838699366841e-05,1.9671584067156332e-07,1.0298137798175697e-09,0.00031375922034348433,1.5587533693576028e-08,3.0012796546357237e-06,6.020458467854285e-09,9.490952616661129e-22,1.851831938635964e-09,8.093739279907794e-11,0.0,0.0,0.0,0.0,0.0,0.0,0.0,0.0,0.0,0.0,0.0,0.0,-3.383223994555033e-09,6.764507404061597e-09,2.253865480428904e-09,1.94052808401156e-12,-4.509671602737806e-09,5.690337888404172e-17,1.1109632652297451e-24,-2.600449050713581e-23,-8.395883217413231e-23,2.2741976373307923e-23,-1.0657456101521707e-20,-5.033993733329273e-20,-4.963083675318166e-24,4.585263477927994e-24,6.10835714147565e-20,1.0168910106364604e-29,1.7778892697989754e-23,-1.4579058296247113e-23,3.383223994555033e-09,4.549270559200693e-09,4.553673934307545e-09,6.7795542840693116e-09,1.1573637596906494e-09,4.2041962360080076e-14,1.4822098885132147e-10,9.19712307263e-11,5.867244798752278e-09,-6.107482780259717e-09,-2.253865480428889e-09,1.9405849873915548e-12,1.94052808401156e-12,5.69033788840519e-17,5.690337888404172e-17,-3.691995647631301e-12,2.0987132699066497e-10,6.31608193757764e-10,1.4116022480747353e-10,3.720028540659532e-15,-4.4646584335090746e-14,-7.087748265884724e-13,-3.9598956462886267e-11,-2.6280196437471627e-09,-6.570246238018794e-10,-1.4579058296247113e-23,1.8083393033801152,99.95696711286945,0.04303036351535747,2.5236151940358567e-06,0.9996453529518886,2.5388379716418056e-05,1.5498436938405433e-05,0.0003137602314565605
9999,818.1818181818182,101325.0,5.9999999999999995e-05,0.001,0.02,0.05,0.929,0.05,818.1818181818182,1.0000000000000001e-11,9.999999999999999e-23,IdealGasReactor,off,0.9289950763740186,0.0,0.0,0.01998398903513857,0.05003153452677922,1.0594635733202208e-05,1.040983168914012e-08,0.0009787950182160523,2.827649543183395e-13,2.3554270623459624e-05,0.9995965864368458,1.5224017189684257e-05,2.1162123742402922e-07,1.0674518701676428e-09,0.0003614246177672777,1.5434022265826588e-08,2.9733537718275003e-06,6.727037239159548e-09,1.1838492777482454e-21,2.3490430736178483e-09,1.0501018176080957e-10,0.0,0.0,0.0,0.0,0.0,0.0,0.0,0.0,0.0,0.0,0.0,0.0,-3.9674060586453655e-09,7.932215371720565e-09,2.6427733825228563e-09,2.5966750341758997e-12,-5.288143581174237e-09,7.05341564921012e-17,1.5737422413682648e-24,4.1979416087066154e-23,1.2407709188295415e-24,-6.685248284088871e-24,2.599888643926512e-20,-2.785034404404789e-20,8.271806125530277e-25,-6.904729109443989e-24,1.7983584550739472e-21,6.890206969039775e-30,3.2667684606897413e-24,1.9645539548134404e-23,3.9674060586453655e-09,5.337936306999201e-09,5.343760833361456e-09,7.735403212807911e-09,1.4285812466455723e-09,5.044507121949836e-14,1.5990742567357545e-10,1.0581222737879841e-10,6.786027002684145e-09,-7.051802749192356e-09,-2.6427733825228758e-09,2.5967455683339656e-12,2.5966750341758997e-12,7.053415649210809e-17,7.05341564921012e-17,-5.0066597039610204e-12,2.758093710581756e-10,8.699053669769379e-10,2.1049708159155926e-10,5.648386416512051e-15,-4.9555892720117515e-14,-8.187558627921309e-13,-4.9792725824963975e-11,-2.8830259842841438e-09,-8.804126225282091e-10,1.9645539548134404e-23,2.1204981783947687,99.9508936158287,0.04910371653736546,2.6676339403320924e-06,0.999599795809501,2.3554346248399803e-05,1.5224066068947285e-05,0.0003614257781816898
9999,827.2727272727273,101325.0,5.9999999999999995e-05,0.001,0.02,0.05,0.929,0.05,827.2727272727273,1.0000000000000001e-11,9.999999999999999e-23,IdealGasReactor,off,0.9289941826997621,0.0,0.0,0.019981082117471783,0.05003725827491905,1.251682990515748e-05,1.3919255559072519e-08,0.0009749461583336578,3.5285089000689677e-13,2.201478382022358e-05,0.9995394789678088,1.504540395108626e-05,2.2819823668628716e-07,1.1187822909910412e-09,0.00042025156376469065,1.5395503081758642e-08,2.9538370199325643e-06,7.593366721455156e-09,1.4945384891923904e-21,2.999048840199485e-09,1.3869773043340967e-10,0.0,0.0,0.0,0.0,0.0,0.0,0.0,0.0,0.0,0.0,0.0,0.0,-4.6877259445396235e-09,9.37197971628794e-09,3.122257108353741e-09,3.472084780384063e-12,-6.247986477504607e-09,8.801679082182152e-17,-2.13192873011572e-24,-3.443139299751977e-23,7.858215819253763e-24,2.3791033581785226e-23,-1.6791387579643564e-20,2.2677156493141248e-20,4.963083675318166e-24,-6.5867676775419874e-24,-5.8554143520806296e-21,-3.141885074075561e-29,-3.523005471062725e-25,-2.605618929542037e-23,4.6877259445396235e-09,6.31133322925897e-09,6.319139525156047e-09,8.86377902849327e-09,1.759687506726791e-09,6.124833864055271e-14,1.7416144501246574e-10,1.2215815425505093e-10,7.885385964097213e-09,-8.181775443858651e-09,-3.1222571083537146e-09,3.4721727971727538e-12,3.472084780384063e-12,8.801679082179008e-17,8.801679082182152e-17,-6.859792073191934e-12,3.674467361624442e-10,1.2077323322470373e-09,3.147596200032142e-10,8.632149422174624e-15,-5.567582247105362e-14,-9.520763232638978e-13,-6.334675175436243e-11,-3.157456407969257e-09,-1.1902042724292912e-09,-2.605618929542037e-23,2.505384166634223,99.94442592303204,0.05557125952297876,2.817444984507631e-06,0.9995426867808175,2.2014854472070163e-05,1.504545223616507e-05,0.0004202529124742329
9999,845.4545454545455,101325.0,5.9999999999999995e-05,0.001,0.02,0.05,0.929,0.05,845.4545454545455,1.0000000000000001e-11,9.999999999999999e-23,IdealGasReactor,off,0.928991755067246,0.0,0.0,0.019973184935137462,0.05005280662156985,1.7737748334434672e-05,2.475200360544901e-08,0.0009644908751523396,5.56508706551108e-13,1.958120000440197e-05,0.999382409773456,1.4903774567303186e-05,2.662087261703177e-07,1.2594769132764826e-09,0.0005798922621546997,1.552322007260757e-08,2.914926037343702e-06,9.897161478828173e-09,2.454886345725265e-21,4.923798916482671e-09,2.5139666287116985e-10,0.0,0.0,0.0,0.0,0.0,0.0,0.0,0.0,0.0,0.0,0.0,0.0,-6.644616913921468e-09,1.3283059416327076e-08,4.424599196940631e-09,6.174272698555593e-12,-8.855372944235199e-09,1.3881852023518258e-16,1.4335417866112505e-23,2.1341259803868114e-22,1.3276248831476092e-22,-3.012157765958961e-23,1.8092526931214918e-20,-1.705894577268109e-20,2.1093105620102206e-23,-2.1059190912064944e-23,-1.4108270494077844e-21,1.0659482981798922e-28,6.9090015801066665e-25,5.1698788284564224e-23,6.644616913921468e-09,8.959121593737574e-09,8.973371528287332e-09,1.1688096132724576e-08,2.6327665109137217e-09,9.240325404195062e-14,2.098609961943397e-10,1.6254153740501572e-10,1.0712592877158571e-08,-1.108510804956198e-08,-4.424599196940683e-09,6.174411517090165e-12,6.174272698555593e-12,1.3881852023528918e-16,1.3881852023518258e-16,-1.2979510410304586e-11,6.684965843590023e-10,2.347621299425951e-09,7.014181215585723e-10,2.0235548603149982e-14,-7.161248238633729e-14,-1.2912149292007191e-12,-1.0374864950237587e-10,-3.711152381543219e-09,-2.1979513667650967e-09,5.1698788284564224e-23,3.5509124847660396,99.9302734015327,0.06972346322904222,3.135238258391822e-06,0.9993856207892794,1.9581262918800342e-05,1.490382245313297e-05,0.0005798941253486197
9999,854.5454545454545,101325.0,5.9999999999999995e-05,0.001,0.02,0.05,0.929,0.05,854.5454545454545,1.0000000000000001e-11,9.999999999999999e-23,IdealGasReactor,off,0.928990144384198,0.0,0.0,0.01996794485627592,0.050063122622146634,2.1201253076106562e-05,3.286866711213697e-08,0.0009575540149350387,7.009655740458448e-13,1.8598505429824364e-05,0.9992775248482776,1.4910279747255606e-05,2.874995906200098e-07,1.3473680576869889e-09,0.0006857605011906341,1.5627218235477732e-08,2.883366733348023e-06,1.1387765372430264e-08,3.1848331394320012e-21,6.294122840546061e-09,3.425565067367368e-10,0.0,0.0,0.0,0.0,0.0,0.0,0.0,0.0,0.0,0.0,0.0,0.0,-7.94309442074424e-09,1.5877989715590482e-08,5.288563588153753e-09,8.198951045760619e-12,-1.0585326477102004e-08,1.7485292016094147e-16,2.576571717622309e-23,3.7016332411747984e-22,2.3243775212740082e-22,-2.0441777880541046e-23,4.238228152010272e-20,-4.208198648302273e-20,4.135903062765138e-24,2.904272833016574e-23,-1.0615104633388192e-21,3.132024312760298e-28,8.581228926994165e-25,1.1084220208210568e-22,7.94309442074424e-09,1.0717351153246584e-08,1.0736531834609434e-08,1.3397999627078264e-08,3.185340706848213e-09,1.1417061415569106e-13,2.3084483229481782e-10,1.862488133283388e-10,1.2481196379611871e-08,-1.2898435002675622e-08,-5.288563588153864e-09,8.199125898706546e-12,8.198951045760619e-12,1.7485292016125467e-16,1.7485292016094147e-16,-1.771969612942411e-11,9.061752375434316e-10,3.262468581136171e-09,1.0393139266653652e-09,3.0806825375426794e-14,-8.133228936615282e-14,-1.4938236005989707e-12,-1.3202467614457795e-10,-3.949774552146265e-09,-2.979554712914859e-09,1.1084220208210568e-22,4.244598506496136,99.92254087987394,0.0774558164410864,3.3036849744764867e-06,0.9992807284077444,1.859856505431972e-05,1.491032754775812e-05,0.0006857626996535145
9999,872.7272727272727,101325.0,5.9999999999999995e-05,0.001,0.02,0.05,0.929,0.05,872.7272727272727,1.0000000000000001e-11,9.999999999999999e-23,IdealGasReactor,off,0.9289859088408808,0.0,0.0,0.01995416370714715,0.050090250161307685,3.0307540131166725e-05,5.7294847411425626e-08,0.0009393124545751882,1.110644802262729e-12,1.6948167650801466e-05,0.9989997071507528,1.501678481872164e-05,3.3426651764485953e-07,1.5543447723172402e-09,0.000965180826779167,1.579584547287429e-08,2.769506012183687e-06,1.5205870077209606e-08,5.4573491348936606e-21,1.0099330254659714e-08,6.420781737163746e-10,0.0,0.0,0.0,0.0,0.0,0.0,0.0,0.0,0.0,0.0,0.0,0.0,-1.1358050293795349e-08,2.2701808286200477e-08,7.560123139505265e-09,1.4292024354829787e-11,-1.5134538857457886e-08,2.770469471630084e-16,8.47470001636557e-24,-8.685396431806789e-24,1.654361225106055e-24,5.863297661565279e-23,-1.3832216792894733e-21,1.2932141696654035e-20,9.926167350636332e-24,3.844390559293386e-24,-1.1606074327855919e-20,-3.209677808117992e-29,-2.1647984069947424e-24,-3.3087224502121114e-24,1.1358050293795349e-08,1.5340279420431775e-08,1.5373817432810315e-08,1.7415534737390682e-08,4.519612160797911e-09,1.744046135546655e-13,2.7750264638355865e-10,2.3824988218082835e-10,1.682617770546951e-08,-1.734217410322676e-08,-7.560123139505263e-09,1.4292301401785426e-11,1.4292024354829787e-11,2.7704694716297633e-16,2.770469471630084e-16,-3.166924814869792e-11,1.6580359752451844e-09,6.158099144078338e-09,2.21902166065952e-09,6.946456770018089e-14,-1.0363405505276174e-13,-1.9395347869607237e-12,-2.057405629738924e-10,-4.2166381356152186e-09,-5.359634182973714e-09,-3.3087224502121114e-24,6.068754542481178,99.90556317187239,0.09443316700585017,3.6611217529956276e-06,0.9990028510826537,1.6948220988039263e-05,1.5016832077743343e-05,0.0009651838642803492
9999,881.8181818181819,101325.0,5.9999999999999995e-05,0.001,0.02,0.05,0.929,0.05,881.8181818181819,1.0000000000000001e-11,9.999999999999999e-23,IdealGasReactor,off,0.9289831868369668,0.0,0.0,0.019945306075944715,0.050107683879368266,3.615869275545166e-05,7.513562298000637e-08,0.0009275893779481108,1.3938614022022202e-12,1.62385821432664e-05,0.9988192109660012,1.5097052330483859e-05,3.5964211388424226e-07,1.6715587440178455e-09,0.0011463655490982006,1.5830784921627458e-08,2.679598803522888e-06,1.760950731881724e-08,7.191699832022443e-21,1.2618458199846442e-08,8.792001987052266e-10,0.0,0.0,0.0,0.0,0.0,0.0,0.0,0.0,0.0,0.0,0.0,0.0,-1.3552981229922095e-08,2.708721970598032e-08,9.019701684569508e-09,1.8742406141344714e-11,-1.8058146470681527e-08,3.476954801018264e-16,2.2698039729811695e-23,2.030728403817683e-22,4.963083675318166e-24,-8.029117170115741e-23,1.0082996432691123e-20,-3.717680545058328e-20,-1.5716431638507526e-23,1.6093090632645213e-23,2.6904104075570742e-20,4.714429984827073e-28,-2.032057729106289e-23,4.632211430296955e-23,1.3552981229922095e-08,1.830755973166822e-08,1.835067234029119e-08,1.971538300571528e-08,5.282624456203583e-09,2.1492079342343023e-13,3.025292771283251e-10,2.648843447921665e-10,1.9444659557350952e-08,-2.0012390459900846e-08,-9.019701684569554e-09,1.8742753836847515e-11,1.8742406141344714e-11,3.4769548010229784e-16,3.476954801018264e-16,-4.104640070386837e-11,2.2296911323723e-09,8.318899596408641e-09,3.183199461148049e-09,1.0235986288762744e-13,-1.1585822484137508e-13,-2.1652704977660723e-12,-2.4941326098669207e-10,-4.189572802769284e-09,-7.074829246079464e-09,4.632211430296955e-23,7.241062205188924,99.89620694702666,0.10378920212982387,3.85084350341855e-06,0.9988222951798517,1.6238632285734034e-05,1.5097098948067289e-05,0.001146369088914481
9999,909.0909090909092,101325.0,5.9999999999999995e-05,0.001,0.02,0.05,0.929,0.05,909.0909090909092,1.0000000000000001e-11,9.999999999999999e-23,IdealGasReactor,off,0.9289720099166252,0.0,0.0,0.01990892753585721,0.05017926911042593,6.017643095410343e-05,1.6418168523702153e-07,0.0008794528217585361,2.693560873716592e-12,1.4405694221528408e-05,0.9980540023024941,1.5349412987062007e-05,4.4387859640257005e-07,2.0624984549891248e-09,0.001913460289691734,1.5683688718161404e-08,2.268272830024566e-06,2.7356190437389892e-08,1.669467294665928e-20,2.2833318718037872e-08,2.2134829750007252e-09,0.0,0.0,0.0,0.0,0.0,0.0,0.0,0.0,0.0,0.0,0.0,0.0,-2.2567772089951684e-08,4.509458827623983e-08,1.501105113766421e-08,4.0955231705922475e-11,-3.0063058850869035e-08,6.719105699140392e-16,-1.310221690583327e-23,9.711100391372543e-22,4.644619139485249e-22,4.0532051963490085e-24,1.1770198101364599e-20,-6.000037291214643e-20,-4.632211430296955e-23,7.104481312420431e-23,4.606990691400728e-20,8.953571274258483e-29,3.383170724825801e-23,6.551270451419979e-22,2.2567772089951684e-08,3.0433666100040195e-08,3.051026482305407e-08,2.7734648409412945e-08,7.704799834540578e-09,3.9242715172987694e-13,3.8178985015936786e-10,3.344886830081451e-10,2.941652057899476e-08,-3.0133489321841785e-08,-1.5011051137664868e-08,4.0955903616479286e-11,4.0955231705922475e-11,6.719105699141287e-16,6.719105699140392e-16,-7.411124183321234e-11,5.240708983364116e-09,1.8726802032885266e-08,8.56139578827308e-09,2.977825738471337e-13,-1.548382162551198e-13,-2.7250701279019878e-12,-3.7060724917115937e-10,-3.2942432302953607e-09,-1.4961098954398045e-08,6.551270451419979e-22,12.054717824146394,99.86376444349774,0.13623108649423757,4.4700080138047505e-06,0.9980567791964753,1.4405734302611682e-05,1.534945569386188e-05,0.0019134656135282692
9999,927.2727272727274,101325.0,5.9999999999999995e-05,0.001,0.02,0.05,0.929,0.05,927.2727272727274,1.0000000000000001e-11,9.999999999999999e-23,IdealGasReactor,off,0.9289616251355428,0.0,0.0,0.01987511642925609,0.050245780898680516,8.248115169330277e-05,2.6854465213687553e-07,0.0008347278361006569,4.074295567916465e-12,1.3344478643100575e-05,0.9972960776362524,1.5461503973004042e-05,5.073677817128362e-07,2.337148089580912e-09,0.002672611569947456,1.5380774878449923e-08,1.9075763880818777e-06,3.654121165909214e-08,2.9332540987702685e-20,3.162557720707618e-08,3.982302335173486e-09,0.0,0.0,0.0,0.0,0.0,0.0,0.0,0.0,0.0,0.0,0.0,0.0,-3.094655185343279e-08,6.182611329767063e-08,2.0575208719836548e-08,6.698939278713234e-11,-4.121740886515674e-08,1.0163471287127466e-15,-8.752293355126775e-23,-7.113753267956037e-22,7.403266482349599e-23,-1.715460711025957e-23,2.0131576820462498e-21,-6.287896144383094e-20,9.098986738083303e-24,-5.2375163935587967e-23,6.14998351769517e-20,-1.6942760091884277e-27,-1.715460711025957e-23,1.4558378780933285e-22,3.094655185343279e-08,4.159646731425065e-08,4.1685031086497905e-08,3.3960417535987585e-08,9.145987526019708e-09,5.702574847244452e-13,4.366261987021058e-10,3.625831443655119e-10,3.818543662763442e-08,-3.898577364415916e-08,-2.057520871983669e-08,6.699040913417353e-11,6.698939278713234e-11,1.0163471287110523e-15,1.0163471287127466e-15,-8.604546386798916e-11,8.973179904200853e-09,2.9552934855167735e-08,1.5220113776861336e-08,5.574160339031807e-13,-1.8115213974542543e-13,-2.9074137262513213e-12,-3.7905844909390807e-10,-2.152995925875561e-09,-2.2840339653511466e-08,1.4558378780933285e-22,16.527216389934313,99.83746812978818,0.16252693857173953,4.931640084595294e-06,0.9972985756808785,1.334451206858365e-05,1.5461542701249123e-05,0.0026726182643515752
9999,954.5454545454545,101325.0,5.9999999999999995e-05,0.001,0.02,0.05,0.929,0.05,954.5454545454545,1.0000000000000001e-11,9.999999999999999e-23,IdealGasReactor,off,0.9289412546460544,0.0,0.0,0.0198087623062978,0.05037624852113482,0.00012620223121200756,5.357052634095998e-07,0.0007469965828041597,7.23324704759992e-12,1.1897284486440691e-05,0.9956280379494898,1.5441055223291902e-05,6.137397624437269e-07,2.719084361924963e-09,0.004342531445067842,1.451844723193062e-08,1.3497319183670557e-06,5.5780839608626974e-08,6.732566151590822e-20,4.6713333707951083e-08,9.062346787740085e-09,0.0,0.0,0.0,0.0,0.0,0.0,0.0,0.0,0.0,0.0,0.0,0.0,-4.739045966954786e-08,9.464728106532194e-08,3.1482273655368854e-08,1.3363646220237494e-10,-6.309818738118651e-08,1.8043980742615614e-15,4.371787915378442e-22,-1.0802978799942539e-19,-4.321501712706724e-22,6.110713370549704e-21,-5.483584385814581e-19,-6.627966637815896e-18,5.856438736875436e-22,-1.9751771975252536e-22,7.274819065104904e-18,1.7001924659775857e-26,3.900486773808015e-21,-8.999725064576941e-22,4.739045966954786e-08,6.316517681975465e-08,6.318706501415659e-08,4.3995038722902224e-08,1.0582075992200939e-08,9.458644474364234e-13,5.130232099797375e-10,3.684499302081225e-10,5.5120170426030277e-08,-5.600385433526812e-08,-3.148227365536796e-08,1.3363826660088642e-10,1.3363646220237494e-10,1.8043980742785637e-15,1.8043980742615614e-15,-1.981528259189833e-11,1.8931667066782328e-08,5.180310106568622e-08,3.200327176937339e-08,1.2649118773656941e-12,-2.136388213956303e-13,-2.8051368877226543e-12,-6.698943856815944e-11,-3.417552567514345e-10,-3.8643426730053833e-08,-8.999725064576941e-22,25.30034171958403,99.78820299513515,0.21179128553074095,5.719334101771185e-06,0.9956301210722744,1.1897309378773413e-05,1.5441087530150215e-05,0.004342540530816587
9999,972.7272727272727,101325.0,5.9999999999999995e-05,0.001,0.02,0.05,0.929,0.05,972.7272727272727,1.0000000000000001e-11,9.999999999999999e-23,IdealGasReactor,off,0.9289247488603264,0.0,0.0,0.01975496238503804,0.050481963734799205,0.00016159396760888318,8.212775849131968e-07,0.0006759097643906398,1.0251740027223935e-11,1.1005103663386793e-05,0.9940408806762988,1.5259041518004533e-05,6.908088850585925e-07,2.918530115818185e-09,0.005930979777092185,1.354704467034659e-08,1.022612684343695e-06,7.328616029519655e-08,1.150086809811891e-19,5.724303228317641e-08,1.4985090660947082e-08,0.0,0.0,0.0,0.0,0.0,0.0,0.0,0.0,0.0,0.0,0.0,0.0,-6.072376542426803e-08,1.2124264962455632e-07,4.031177464915176e-08,2.0487866853765375e-10,-8.082843308172011e-08,2.5574335468985985e-15,-2.5005879375825575e-23,3.977084385154957e-21,-8.395883217413231e-23,-1.1578246558915764e-21,1.290846324772292e-20,1.980349795790753e-18,-8.726755462434442e-23,-3.703024160722885e-23,-1.994266510618028e-18,-1.3095091026668794e-27,-1.1842944354932733e-21,-4.235164736271502e-22,6.072376542426803e-08,8.028898733730107e-08,8.013104170860188e-08,5.017339104916847e-08,1.095295995229128e-08,1.268492851897967e-12,5.486945032385666e-10,3.5042031039952265e-10,6.89499515052287e-08,-6.985236506668675e-08,-4.031177464915134e-08,2.048812259711757e-10,2.0487866853765375e-10,2.5574335468972893e-15,2.5574335468985985e-15,1.5940442193678675e-10,2.95455607606829e-08,7.008311230153148e-08,4.8935208417728004e-08,2.030252973799604e-12,-2.2233517345250735e-13,-2.5049509289276853e-12,5.394457444190079e-10,5.605644334439004e-10,-5.139028455786956e-08,-4.235164736271502e-22,32.40902356093602,99.74652015931369,0.25347351263205226,6.32805424871549e-06,0.9940427449054817,1.100512430241262e-05,1.525907013488645e-05,0.005930990900080986
9999,981.8181818181821,101325.0,5.9999999999999995e-05,0.001,0.02,0.05,0.929,0.05,981.8181818181821,1.0000000000000001e-11,9.999999999999999e-23,IdealGasReactor,off,0.9289158187301174,0.0,0.0,0.01972583957165582,0.05053915886917583,0.00018072654394057726,1.006631742403543e-06,0.0006374496412893431,1.2078596398635778e-11,1.0579303020779428e-05,0.9930670629951984,1.5111069869064566e-05,7.306928542467245e-07,2.993151763450573e-09,0.006905454830740496,1.2925692619130827e-08,8.800283734061621e-07,8.375318921914817e-08,1.4923055606706634e-19,6.241793488204661e-08,1.8989975278089227e-08,0.0,0.0,0.0,0.0,0.0,0.0,0.0,0.0,0.0,0.0,0.0,0.0,-6.794153358518162e-08,1.3563194400325588e-07,4.5085084910701486e-08,2.511201541876324e-10,-9.042129600199966e-08,3.0131962486838077e-15,-4.662294948573311e-22,3.818265707544776e-21,3.0429906784294506e-22,3.059748355975752e-22,1.592315893698616e-20,2.601317590356761e-19,-1.0339757656912845e-22,-6.216254225400334e-23,-2.80144484784737e-19,-2.1030242872286954e-26,-1.8371608703381717e-22,4.764560328305438e-22,6.794153358518162e-08,8.940585743013255e-08,8.908752654202137e-08,5.2766240500642544e-08,1.0967154184325686e-08,1.4476741425821856e-12,5.586694516054915e-10,3.363414339568242e-10,7.653907565530883e-08,-7.743805446675714e-08,-4.5085084910701975e-08,2.5112316738341484e-10,2.511201541876324e-10,3.013196248662777e-15,3.0131962486838077e-15,3.1940788867923037e-10,3.6218561573502454e-08,7.999310018520823e-08,5.935009843129523e-08,2.5202514632976654e-12,-2.2075820903049607e-13,-2.3039165175228597e-12,1.0154385718671148e-09,8.776037180243464e-10,-5.819388953649869e-08,4.764560328305438e-22,36.25503587106569,99.72227097853737,0.27772235666930156,6.664793321736337e-06,0.9930688423771133,1.0579321976820937e-05,1.5111096945145772e-05,0.00690546720396472
